date,avg_ppt,avg_pm25,total_asthma_er,pollen
2016-01-01,0,5.473833333333333,229,NA
2016-01-02,0,10.085,308,NA
2016-01-03,0,11.415,251,NA
2016-01-04,0,6.395619047619047,328,NA
2016-01-05,0,10.776666666666667,303,NA
2016-01-06,0,14.215,319,NA
2016-01-07,0,22.357166666666668,295,NA
2016-01-08,0,14.096666666666666,300,NA
2016-01-09,8.742078828854476e-4,11.461666666666666,238,NA
2016-01-10,33.885150785582205,4.551,262,NA
2016-01-11,7.099425386961797,6.843333333333334,324,NA
2016-01-12,0,8.6,288,NA
2016-01-13,0.1573542414561055,8.193666666666667,279,NA
2016-01-14,0,12.605,267,NA
2016-01-15,0,17.74,297,NA
2016-01-16,6.971008154652962,8.611666666666666,234,NA
2016-01-17,0.120504519166887,7.433333333333334,276,NA
2016-01-18,1.1948625341721981,7.8,291,NA
2016-01-19,0,5.7705,336,NA
2016-01-20,0,6.443333333333333,330,NA
2016-01-21,0,7.361666666666666,310,NA
2016-01-22,0.0398476102817323,5.029833333333333,247,NA
2016-01-23,18.184459496716123,5.658333333333333,144,NA
2016-01-24,44.67988635769539,9.055,204,NA
2016-01-25,0,14.01,289,NA
2016-01-26,0,13.264999999999999,289,NA
2016-01-27,0.06651437473110317,10.226666666666667,318,NA
2016-01-28,0,11.273,296,NA
2016-01-29,0,11.365,260,NA
2016-01-30,0.0021387268844737708,9.308333333333334,226,NA
2016-01-31,0,12.165000000000001,263,NA
2016-02-01,0,12.825000000000001,314,NA
2016-02-02,1.1410953711099245,7.983333333333333,303,NA
2016-02-03,0,6.1258333333333335,261,NA
2016-02-04,15.7012289407781,6.478333333333333,263,NA
2016-02-05,12.692405234923573,5.596666666666667,255,NA
2016-02-06,5.264927006776923,8.498166666666666,232,NA
2016-02-07,0,12.943333333333333,246,NA
2016-02-08,0,6.196666666666666,287,NA
2016-02-09,2.2717576927431935,9.736,337,NA
2016-02-10,0.12456936564568362,10.335,291,NA
2016-02-11,0.07882845065007758,5.406666666666666,265,NA
2016-02-12,0,6.246833333333333,279,NA
2016-02-13,0,7.65,227,NA
2016-02-14,0,6.628333333333333,226,NA
2016-02-15,0,11.811666666666666,301,NA
2016-02-16,13.557044208914261,7.531666666666666,347,NA
2016-02-17,20.29551427153256,8.803333333333333,320,NA
2016-02-18,0,4.8373333333333335,306,NA
2016-02-19,0,6.7283333333333335,265,NA
2016-02-20,0,8.47,233,NA
2016-02-21,0,8.493333333333334,252,NA
2016-02-22,1.5210135875529447,5.8566666666666665,286,NA
2016-02-23,0,5.46,274,NA
2016-02-24,11.485591789591604,4.205523809523809,278,NA
2016-02-25,29.500986642671737,5.453333333333333,254,NA
2016-02-26,0.32827223057478044,4.865,258,NA
2016-02-27,0,6.738333333333333,245,NA
2016-02-28,0,11.303333333333333,273,NA
2016-02-29,0,9.211666666666666,340,NA
2016-03-01,1.1924884693181472,5.8455,285,NA
2016-03-02,5.020259704591777,7.640000000000001,283,NA
2016-03-03,0,5.133333333333333,258,NA
2016-03-04,2.131668979760752,8.448952380952381,277,NA
2016-03-05,0.9548758818788013,5.971666666666667,258,NA
2016-03-06,0,7.531666666666666,284,NA
2016-03-07,0,14.637333333333334,330,NA
2016-03-08,0,19.44333333333333,288,NA
2016-03-09,0,20.268333333333334,309,NA
2016-03-10,0,15.426,285,60
2016-03-11,1.0309345522091802,3.6033333333333335,258,46
2016-03-12,0,4.208333333333333,233,48
2016-03-13,0,7.001,257,6
2016-03-14,1.583039404007089,3.335,305,NA
2016-03-15,10.241252800976403,4.42,331,6
2016-03-16,4.566118111770652e-6,8.127333333333333,266,4
2016-03-17,1.6470493912289563,5.088333333333333,269,2
2016-03-18,0.5674868398565919,4.32,279,2
2016-03-19,0,3.227,272,0
2016-03-20,0,3.575,280,0
2016-03-21,3.5111259629788725,4.76,341,0
2016-03-22,0,5.998666666666667,298,0
2016-03-23,0,11.115,275,8
2016-03-24,0,10.11,278,90
2016-03-25,0,9.820333333333334,262,26
2016-03-26,0.5574473742896221,3.966666666666667,204,0
2016-03-27,0,3.6016666666666666,240,0
2016-03-28,4.9897007828343956,3.5038333333333336,351,0
2016-03-29,7.531703501972466,3.715,268,0
2016-03-30,0,5.906666666666667,316,2
2016-03-31,0,7.9094999999999995,288,26
2016-04-01,0.02632430754007403,6.876666666666667,262,8
2016-04-02,1.61586594297024,4.041666666666667,223,2
2016-04-03,10.132887602561276,3.2235,259,0
2016-04-04,0.3263043813430515,6.818333333333333,352,0
2016-04-05,11.21063952076953,4.181666666666667,275,0
2016-04-06,0,4.194,252,2
2016-04-07,0,3.9250000000000003,253,0
2016-04-08,4.09164032612683,3.745,280,0
2016-04-09,0.1713349664567966,5.4095,214,2
2016-04-10,2.467797976793242,4.171666666666667,236,0
2016-04-11,0,7.24,285,4
2016-04-12,0.6601019821937121,6.075,308,4
2016-04-13,4.163103246246106,4.276666666666666,256,2
2016-04-14,0,5.67,268,0
2016-04-15,0,6.132833333333333,254,18
2016-04-16,0,5.086666666666667,241,4
2016-04-17,0,6.375,238,4
2016-04-18,0,8.341,289,10
2016-04-19,0,6.183333333333333,258,18
2016-04-20,0.012961760174115928,3.2733333333333334,296,20
2016-04-21,0,8.011666666666667,321,34
2016-04-22,0,15.966666666666667,289,124
2016-04-23,4.968951956661275,5.148333333333333,273,20
2016-04-24,0.20755053612239452,4.292666666666666,259,14
2016-04-25,0,7.47,340,34
2016-04-26,4.075148181867031,8.355,327,98
2016-04-27,2.07648361197324,4.1755,290,10
2016-04-28,0,3.985,274,4
2016-04-29,0.2185291103863341,3.8383333333333334,305,42
2016-04-30,0.83298231186599,4.2518095238095235,255,2
2016-05-01,0.5766629179707575,2.091666666666667,258,4
2016-05-02,5.205327107595505,6.073333333333333,288,6
2016-05-03,15.944709600933033,3.5251428571428574,288,2
2016-05-04,3.68785701311787,1.8333333333333333,273,10
2016-05-05,1.0783390087063025,1.3216666666666665,227,4
2016-05-06,8.600482876431656,2.9995,254,16
2016-05-07,7.9046107211727525,2.9516666666666667,205,12
2016-05-08,2.6515511751027745,3.6183333333333336,206,12
2016-05-09,1.4882536247553553,8.470666666666666,347,0
2016-05-10,0,3.7933333333333334,285,2
2016-05-11,0.0018140922370936878,7.6866666666666665,285,2
2016-05-12,0,12.377666666666666,299,2
2016-05-13,0.24428557686961588,12.253333333333334,306,18
2016-05-14,5.54811550731318,4.091666666666667,248,18
2016-05-15,0.17814567715566726,1.2883333333333333,305,0
2016-05-16,1.9347158222141968e-5,2.52,357,2
2016-05-17,0,5.751666666666667,321,4
2016-05-18,0.2602225179778311,4.238333333333333,310,8
2016-05-19,0.594412924219889,6.193333333333333,288,4
2016-05-20,0,4.933333333333334,286,15
2016-05-21,0,5.442666666666667,257,29
2016-05-22,4.948196161229017,3.9683333333333333,321,18
2016-05-23,3.5830066741184553e-7,5.555,376,12
2016-05-24,4.944055482183163,7.9879999999999995,297,6
2016-05-25,0.7984962037931417,14.03,268,20
2016-05-26,0,16.768333333333334,247,10
2016-05-27,0,17.757166666666667,271,12
2016-05-28,0,12.555,233,12
2016-05-29,0.21720234564902335,4.536666666666667,247,6
2016-05-30,35.506570175191584,3.8141666666666665,233,8
2016-05-31,0.4626502406315927,6.343333333333334,321,26
2016-06-01,0,6.781666666666666,243,4
2016-06-02,0,6.246666666666667,279,4
2016-06-03,0.07850390477172,5.206666666666667,233,4
2016-06-04,0.5369255519147357,8.976666666666667,193,12
2016-06-05,5.107741235575464,3.5228333333333333,217,2
2016-06-06,15.05572938030417,4.736666666666666,332,12
2016-06-07,0,5.6433333333333335,266,8
2016-06-08,0.25677701510203865,2.793142857142857,304,0
2016-06-09,14.586392190290805,1.9466666666666665,257,13
2016-06-10,0,2.875,269,9
2016-06-11,0,11.849499999999999,218,2
2016-06-12,0.7913521625310735,6.176666666666667,227,2
2016-06-13,0,0.9866666666666666,258,2
2016-06-14,0,2.9035714285714285,211,4
2016-06-15,0,6.87,279,2
2016-06-16,1.3473744658514988,10.745,245,10
2016-06-17,0.7297580284808333,7.381333333333333,267,4
2016-06-18,0.031169645182870888,6.056666666666667,178,2
2016-06-19,7.819131126891841e-4,6.695,229,4
2016-06-20,0,7.952190476190476,309,0
2016-06-21,0.020054135054157346,6.948333333333333,284,0
2016-06-22,0.0015238867943757753,5.76,221,2
2016-06-23,0,11.896666666666667,207,2
2016-06-24,0.01869400873690283,10.223333333333333,223,0
2016-06-25,0,6.29,215,0
2016-06-26,0,7.819809523809523,201,0
2016-06-27,0,7.3116666666666665,225,2
2016-06-28,12.27390596982072,4.121666666666666,224,4
2016-06-29,2.8674518332577867,5.648666666666666,207,2
2016-06-30,0,5.236666666666666,215,4
2016-07-01,0.07507554254606011,6.175,191,4
2016-07-02,20.62544110830257,3.9966666666666666,201,0
2016-07-03,0,6.013333333333334,217,0
2016-07-04,7.019706244949338e-4,9.865,189,4
2016-07-05,23.787350736409476,4.526666666666666,255,0
2016-07-06,0,10.68,207,2
2016-07-07,0,13.651666666666667,226,0
2016-07-08,2.1024480607350124,9.450857142857142,179,0
2016-07-09,1.9556497451379014,2.3983333333333334,171,2
2016-07-10,8.213830503984516,0.9366666666666666,157,2
2016-07-11,0,2.241904761904762,223,0
2016-07-12,0,3.3166666666666664,215,2
2016-07-13,0,3.9683333333333333,207,0
2016-07-14,1.0769395061325846,10.052,218,6
2016-07-15,10.413551099345597,11.066666666666666,197,10
2016-07-16,7.021366884615842e-6,7.695,187,6
2016-07-17,2.3003127323168537,8.893333333333333,183,2
2016-07-18,0,9.958333333333334,247,0
2016-07-19,4.100854402970771,2.9516666666666667,262,0
2016-07-20,0,4.779428571428571,221,2
2016-07-21,0,8.123333333333333,212,0
2016-07-22,0,14.348333333333333,192,0
2016-07-23,0,6.751333333333333,204,0
2016-07-24,0,6.6066666666666665,206,0
2016-07-25,1.111381770864042,8.46,242,4
2016-07-26,23.188149740412594,4.602857142857143,262,0
2016-07-27,0,5.87,228,2
2016-07-28,0,12.536666666666667,212,0
2016-07-29,17.59333431345575,10.971333333333332,196,2
2016-07-30,6.1513990932928815,11.148333333333333,200,2
2016-07-31,11.826238403629082,5.613333333333333,217,0
2016-08-01,12.096677404284467,5.421047619047619,249,0
2016-08-02,0.010384579477785072,5.34,234,0
2016-08-03,0,5.016666666666667,244,0
2016-08-04,0,4.838666666666667,209,2
2016-08-05,0,5.223333333333334,194,0
2016-08-06,0,6.763333333333334,193,4
2016-08-07,3.241899418845133,4.3665,233,0
2016-08-08,0,6.273333333333333,249,0
2016-08-09,4.5143234379978203e-4,7.028333333333333,225,0
2016-08-10,0.10028244384138767,7.817904761904762,296,2
2016-08-11,2.8143153251461754,9.45,243,2
2016-08-12,9.51400384386597,7.51,207,2
2016-08-13,1.1898425216794397,10.988095238095237,240,0
2016-08-14,0.2362311702303401,5.163333333333333,232,0
2016-08-15,1.4579887851032942,4.976666666666667,277,4
2016-08-15,1.4579887851032942,4.976666666666667,277,2
2016-08-16,0.1456545625592845,8.64352380952381,232,6
2016-08-17,4.156455546695467,1.5541666666666667,224,0
2016-08-18,0.4689982041127568,5.343333333333334,285,0
2016-08-19,0.09110576699326338,8.043333333333333,221,0
2016-08-20,0.5401599904016152,6.6866666666666665,211,0
2016-08-21,5.2709749422902705,3.783333333333333,236,4
2016-08-22,4.928326641644121,2.110666666666667,239,2
2016-08-23,0,4.448333333333333,233,0
2016-08-24,0,7.7700000000000005,227,0
2016-08-25,0,8.097,189,0
2016-08-26,0,8.301666666666666,238,8
2016-08-27,0,5.6033333333333335,173,0
2016-08-28,0,4.925333333333334,224,4
2016-08-29,0.05855663218947744,4.083333333333333,244,0
2016-08-30,0,3.5,219,2
2016-08-31,0,8.429714285714287,215,4
2016-09-01,2.614797495694394,10.3,184,0
2016-09-02,13.459356090315191,2.34,199,0
2016-09-03,0,4.529333333333334,201,0
2016-09-04,0,2.8166666666666664,188,NA
2016-09-05,0,2.6133333333333333,210,0
2016-09-05,0,2.6133333333333333,210,0
2016-09-06,0.005080065333768682,2.927238095238095,202,0
2016-09-07,1.5724641459896973,4.986666666666666,204,6
2016-09-08,0.003283678139692826,11.61,222,6
2016-09-09,0,10.753333333333334,195,8
2016-09-10,2.3682931828162777,14.116666666666667,193,16
2016-09-11,0.10270596248349247,3.29,196,0
2016-09-12,0,2.8013333333333335,278,2
2016-09-13,0,3.9,229,16
2016-09-14,7.756590545711217e-4,7.28,254,0
2016-09-15,7.765920610689617,2.283333333333333,261,0
2016-09-16,0,2.893333333333333,246,0
2016-09-17,0,3.18,242,0
2016-09-18,0.13537671085138542,5.792833333333333,237,2
2016-09-19,6.862265322762566,4.3566666666666665,314,0
2016-09-20,15.296492979739234,5.751666666666667,309,0
2016-09-21,0,7.4283809523809525,303,0
2016-09-22,0,5.498333333333333,288,0
2016-09-23,0,9.178333333333333,326,4
2016-09-24,8.478832047095132,2.6849523809523808,239,4
2016-09-25,0,2.6016666666666666,320,0
2016-09-26,0,2.9216666666666664,395,2
2016-09-27,5.912173417887011,5.9485,384,0
2016-09-28,0.167375109428705,6.05,290,6
2016-09-29,0.1098357519599381,3.215,283,0
2016-09-30,1.040453741732325,2.9018333333333333,269,0
2016-10-01,8.351606077344654,1.1199999999999999,292,0
2016-10-02,0.08532862448638111,4.1033333333333335,314,0
2016-10-03,0,9.703666666666667,343,0
2016-10-04,0.4575492269120224,4.8,341,0
2016-10-05,0,4.623333333333333,332,2
2016-10-06,0,8.47847619047619,316,2
2016-10-07,0,8.476666666666667,301,2
2016-10-08,0,6.805,247,0
2016-10-09,12.218582115600338,2.3545,239,0
2016-10-10,9.387638158332376,2.4299999999999997,320,0
2016-10-11,0,4.4,358,0
2016-10-12,0,5.961333333333333,317,0
2016-10-13,0.0010370443064994682,7.211666666666667,334,0
2016-10-14,0.18646496188384856,3.505,255,0
2016-10-15,0,4.8055,272,0
2016-10-16,0,6.508333333333334,299,0
2016-10-17,0,13.471666666666668,371,0
2016-10-18,0,14.836333333333334,355,0
2016-10-19,0,8.203333333333333,292,2
2016-10-20,0,6.8100000000000005,268,0
2016-10-21,0,4.04,272,0
2016-10-22,31.064186872598043,0.86,262,0
2016-10-23,4.102764828994432,3.8216666666666668,279,0
2016-10-24,0.139759598034985,5.129666666666666,379,0
2016-10-25,0,3.7116666666666664,322,0
2016-10-26,0,2.81,272,2
2016-10-27,0,4.3420000000000005,270,4
2016-10-28,18.222872307104318,2.7916666666666665,268,0
2016-10-29,0,6.033333333333333,252,0
2016-10-30,0,11.6205,251,2
2016-10-31,12.00124202625554,2.9133333333333336,280,0
2016-11-01,0,5.416666666666667,332,0
2016-11-02,0,10.702,305,0
2016-11-03,0,12.55,319,0
2016-11-04,0.022006130088531764,3.5666666666666664,269,0
2016-11-05,0,6.4825,256,0
2016-11-06,0,4.833333333333333,308,0
2016-11-07,0,4.4399999999999995,364,0
2016-11-08,0,9.471666666666668,303,0
2016-11-09,0,12.5,324,NA
2016-11-10,3.013217218792331,3.4883333333333333,279,NA
2016-11-11,0,4.724166666666667,238,NA
2016-11-12,0,3.631666666666667,233,NA
2016-11-13,0,6.84,286,NA
2016-11-14,0,10.762833333333333,377,NA
2016-11-15,10.000293149304984,7.383333333333333,288,NA
2016-11-16,33.123382756066334,11.623333333333335,281,NA
2016-11-17,0,10.973833333333333,295,NA
2016-11-18,0,12.681666666666667,288,NA
2016-11-19,0,8.566666666666666,242,NA
2016-11-20,11.807866901215704,1.7571666666666668,230,NA
2016-11-21,6.347294006266429e-7,3.33,302,NA
2016-11-22,0,4.805,255,NA
2016-11-23,0,4.851809523809524,231,NA
2016-11-24,0,7.148333333333333,192,NA
2016-11-25,0.6122875190508228,15.628333333333332,283,NA
2016-11-26,0.30641190700970655,8.143,289,NA
2016-11-27,0,4.395,299,NA
2016-11-28,0,8.833333333333334,311,NA
2016-11-29,0.08514825474696841,6.930166666666667,306,NA
2016-11-30,43.69267122768692,8.036666666666667,328,NA
2016-12-01,20.556362379671906,4.718333333333334,282,NA
2016-12-02,0,4.7908333333333335,262,NA
2016-12-03,0,4.588333333333333,222,NA
2016-12-04,0,5.148333333333333,229,NA
2016-12-05,4.619161580637402,6.653666666666667,367,NA
2016-12-06,0.2341310541841735,7.533333333333333,264,NA
2016-12-07,9.997183602216984,8.956666666666667,338,NA
2016-12-08,0.21843835225625732,9.939238095238096,283,NA
2016-12-09,0,5.859999999999999,270,NA
2016-12-10,0,6.711666666666666,251,NA
2016-12-11,0,9.0275,253,NA
2016-12-12,11.87073389657251,10.790000000000001,357,NA
2016-12-13,1.1196729405878891,10.686666666666666,326,NA
2016-12-14,0.3208527537022589,11.4735,331,NA
2016-12-15,5.598676425618781e-5,7.04,323,NA
2016-12-16,0,8.883333333333333,292,NA
2016-12-17,7.821159876381921,10.366666666666667,211,NA
2016-12-18,12.489549959800081,10.69,262,NA
2016-12-19,0.5670276920362315,6.1450000000000005,363,NA
2016-12-20,0,9.134166666666667,333,NA
2016-12-21,0,15.465,285,NA
2016-12-22,0,12.82,280,NA
2016-12-23,0,10.318666666666667,250,NA
2016-12-24,2.163884876444433,11.083333333333334,232,NA
2016-12-25,11.694306583633146,7.395,251,NA
2016-12-26,1.451441277683206e-5,6.339,321,NA
2016-12-27,0.07391675724400759,7.401666666666666,363,NA
2016-12-28,0,7.521666666666667,304,NA
2016-12-29,0,7.546833333333334,314,NA
2016-12-30,9.33716174203308,7.648333333333333,256,NA
2016-12-31,0,6.99,229,NA
2017-01-01,0,10.742666666666667,246,NA
2017-01-02,0.21764880443543363,10.333333333333334,311,NA
2017-01-03,8.49897207856835,4.855,345,NA
2017-01-04,10.275411151901604,7.946666666666667,324,NA
2017-01-05,0,9.14,270,NA
2017-01-06,1.326825628056527,10.343333333333334,253,NA
2017-01-07,0.062405258590480524,9.63,189,NA
2017-01-08,9.970706824547037,9.243333333333334,238,NA
2017-01-09,0,9.058333333333334,301,NA
2017-01-10,0,8.994,308,NA
2017-01-11,6.3875511827860665,11.045,282,NA
2017-01-12,7.616499755788905,10.844999999999999,292,NA
2017-01-13,1.2951830956012702e-6,7.121904761904762,256,NA
2017-01-14,0,7.495,208,NA
2017-01-15,4.49167056987153,10.548333333333334,244,NA
2017-01-16,0,13.925238095238097,289,NA
2017-01-17,0,16.596666666666668,302,NA
2017-01-18,12.972152474310064,7.503333333333333,296,NA
2017-01-19,0.06366486582474443,7.093166666666667,297,NA
2017-01-20,6.898601336200015e-4,8.865,259,NA
2017-01-21,2.5778599661450086,13.748333333333333,271,NA
2017-01-22,0,13.7275,237,NA
2017-01-23,0.8851911221569373,3.9783333333333335,287,NA
2017-01-24,37.531571385494004,4.505,284,NA
2017-01-25,17.13360843288954,6.070095238095238,277,NA
2017-01-26,0,8.863333333333333,244,NA
2017-01-27,0.8813027882916613,4.8933333333333335,236,NA
2017-01-28,0,6.077333333333334,235,NA
2017-01-29,0,9.09,229,NA
2017-01-30,0,6.966666666666667,268,NA
2017-01-31,0,8.638761904761905,263,NA
2017-02-01,1.724859760697371,8.736666666666666,285,NA
2017-02-02,0,7.286666666666667,271,NA
2017-02-03,0,7.041190476190476,281,NA
2017-02-04,0,7.61,239,NA
2017-02-05,0,10.326666666666666,245,NA
2017-02-06,0,12.201714285714285,319,NA
2017-02-07,1.0747544050994577,15.466666666666667,297,NA
2017-02-08,4.478131322790647,11.67,285,NA
2017-02-09,9.8023071165118,5.081333333333333,177,NA
2017-02-10,20.858425070266378,6.495,259,NA
2017-02-11,0,13.576666666666666,216,NA
2017-02-12,1.7532193937859357,9.043833333333334,229,NA
2017-02-13,9.594577890381101,5.84,305,NA
2017-02-14,0,7.941666666666666,237,NA
2017-02-15,0,11.2665,274,0
2017-02-16,0.01820812969057767,6.435,259,0
2017-02-17,0,8.106666666666667,245,0
2017-02-18,0,11.698666666666666,220,0
2017-02-19,0,11.463333333333333,219,0
2017-02-20,0,5.66,233,0
2017-02-21,0,5.5568333333333335,257,9
2017-02-22,0,10.08,253,4
2017-02-23,0,16.9,241,36
2017-02-24,0,7.4928333333333335,233,6
2017-02-25,0,4.12,209,4
2017-02-26,9.663217377890993,5.148333333333333,235,10
2017-02-27,0,9.418333333333333,288,2
2017-02-28,0,8.758333333333333,234,16
2017-03-01,5.521475380801299e-4,8.55,239,28
2017-03-02,2.8892464134666778,4.4558333333333335,237,0
2017-03-03,0,5.4399999999999995,235,0
2017-03-04,0,4.653333333333333,188,0
2017-03-05,0,4.307,217,0
2017-03-06,0,8.281666666666666,303,0
2017-03-07,0.4735102267150047,11.435,252,10
2017-03-08,3.313522793917117,6.070833333333333,275,NA
2017-03-09,0,4.973333333333334,290,NA
2017-03-10,0.17890196602785524,4.11,257,NA
2017-03-11,6.009537977422617,3.3676666666666666,226,NA
2017-03-12,0,4.551666666666667,227,NA
2017-03-13,0,6.0633333333333335,304,NA
2017-03-14,16.826264092743912,4.057333333333333,149,NA
2017-03-15,26.6508797116658,4.883333333333333,292,NA
2017-03-16,0.0032448995765377,6.22,286,NA
2017-03-17,0,7.699809523809524,291,NA
2017-03-18,0,9.568333333333333,228,NA
2017-03-19,1.8572652506427694,4.108333333333333,269,NA
2017-03-20,0,5.773714285714286,320,NA
2017-03-21,0,9.231666666666666,293,NA
2017-03-22,0,5.4366666666666665,249,NA
2017-03-23,0,5.192833333333334,289,NA
2017-03-24,0,8.238333333333333,261,NA
2017-03-25,7.917201021482359e-4,14.895,240,NA
2017-03-26,2.1245394823004684,6.405666666666667,272,NA
2017-03-27,1.4335365739442139,8.745,338,NA
2017-03-28,8.147906005488542,5.888333333333333,302,NA
2017-03-29,13.720135732545804,3.081166666666667,270,NA
2017-03-30,0,4.023333333333333,281,NA
2017-03-31,11.413913338817112,1.5616666666666668,240,NA
2017-04-01,37.51837490365219,2.4544285714285716,250,0
2017-04-02,3.3983072448537854e-5,3.7966666666666664,260,0
2017-04-03,0,7.2716666666666665,334,2
2017-04-04,31.387890433532444,5.721666666666667,319,4
2017-04-05,1.3979721814857633,7.658333333333333,287,4
2017-04-06,1.2413812104409763,2.881666666666667,287,0
2017-04-07,19.779752284723084,2.531190476190476,263,2
2017-04-08,0.008602835993117675,2.78,237,4
2017-04-09,0,5.125,261,9
2017-04-10,0,9.871238095238095,327,2
2017-04-11,0,12.73,261,4
2017-04-12,0,12.91,295,18
2017-04-13,0.8858988897001986,3.454833333333333,271,2
2017-04-14,0,4.22,245,2
2017-04-15,0,5.036666666666666,244,17
2017-04-16,0,8.6535,226,19
2017-04-17,0.38316235563579837,3.505,246,11
2017-04-18,0,3.71,278,8
2017-04-19,0,3.968,280,6
2017-04-20,1.7442150501047762,7.256666666666667,308,2
2017-04-21,4.172569484577228,3.558333333333333,244,11
2017-04-22,0.7661748465197389,3.91,213,22
2017-04-23,2.044894755197456,2.3716666666666666,245,2
2017-04-24,0,4.555,328,26
2017-04-25,0.9725766597205434,2.091666666666667,294,30
2017-04-26,25.533927369036903,4.626666666666667,265,44
2017-04-27,1.858204144329771,6.215,240,66
2017-04-28,0.3116208574902546,13.2325,245,92
2017-04-29,7.3331297531834485,7.725,270,50
2017-04-30,0,2.655,362,46
2017-05-01,0.018143229220090422,6.651666666666666,505,110
2017-05-02,0.15218605909755778,4.775,353,57
2017-05-03,3.726512897793255e-5,2.8866666666666667,374,NA
2017-05-04,0,3.9108571428571426,471,NA
2017-05-05,0.27892161973225343,4.301666666666667,391,NA
2017-05-06,65.27946555772601,4.661666666666666,308,NA
2017-05-07,0.7957374034202322,1.975,324,NA
2017-05-08,0.5154976940577426,2.73,434,NA
2017-05-09,0,4.386666666666667,372,NA
2017-05-10,0,5.5,389,NA
2017-05-11,0,3.62,401,2
2017-05-12,0,2.1766666666666667,364,2
2017-05-13,4.091091169204622,1.6373333333333335,273,2
2017-05-14,40.01844885090641,2.4366666666666665,299,2
2017-05-15,1.690471189844652,2.7083333333333335,405,9
2017-05-16,0,5.182,344,2
2017-05-17,0,13.66,322,4
2017-05-18,0,15.233333333333334,335,4
2017-05-19,0,11.269166666666667,277,0
2017-05-20,0.44776100419688036,2.598333333333333,261,4
2017-05-21,0.17467794881238646,1.7383333333333333,313,4
2017-05-22,2.0110832761645807,3.7941666666666665,364,0
2017-05-23,13.681995619225804,4.748333333333333,323,4
2017-05-24,1.0692282313531083,4.211666666666667,296,9
2017-05-25,3.247996571219657,1.706,270,0
2017-05-26,20.21167946569531,2.0833333333333335,253,2
2017-05-27,0.08917201941715797,2.835,239,2
2017-05-28,0,4.270833333333333,246,7
2017-05-29,4.2346058563488365,2.27,284,2
2017-05-30,1.7153668075746036,2.3516666666666666,332,2
2017-05-31,1.393743570555951,5.187380952380952,274,8
2017-06-01,0.7792046809977038,4.407,282,12
2017-06-02,0,3.725,224,0
2017-06-03,0.056617834576310505,3.811,226,2
2017-06-04,0.4155271172068599,4.16,238,4
2017-06-05,9.909335301563981,8.87,307,6
2017-06-06,1.2604967345887597,1.5433333333333334,262,2
2017-06-07,1.627492802041276,2.6033333333333335,264,4
2017-06-08,0,3.375,255,6
2017-06-09,0,6.585142857142857,217,0
2017-06-10,0,10.608333333333333,198,2
2017-06-11,0,10.85,234,8
2017-06-12,0,15.177095238095237,231,0
2017-06-13,0,15.565,262,10
2017-06-14,5.549737526187274,6.67,242,0
2017-06-15,1.548777162642811,3.943142857142857,254,2
2017-06-16,1.0784907125096182e-5,4.206666666666667,187,2
2017-06-17,0.5434947337511323,5.448333333333333,191,0
2017-06-18,20.586403139068054,9.296666666666667,220,2
2017-06-19,0.003615373219164127,6.513333333333334,230,2
2017-06-20,27.409289602519507,3.4583333333333335,229,0
2017-06-21,0,7.979166666666667,241,2
2017-06-22,0.8595802260507674,8.785,197,2
2017-06-23,0,11.9,204,0
2017-06-24,30.112417930039257,4.103571428571429,190,0
2017-06-25,6.453617453534948,4.5,199,2
2017-06-26,0.0969517132659833,2.985,235,0
2017-06-27,4.204622389372723,5.1725,243,0
2017-06-28,0.3744289689080287,3.4266666666666667,197,0
2017-06-29,0,6.39,226,0
2017-06-30,0,11.4825,176,2
2017-07-01,0.053735358982037705,5.318333333333333,216,2
2017-07-02,7.168708337042981,5.533333333333333,171,0
2017-07-03,0,9.311666666666667,207,0
2017-07-04,4.397148098890145,11.834999999999999,183,0
2017-07-05,0.029264263415349486,12.89,249,0
2017-07-06,0,3.8658333333333332,233,2
2017-07-07,2.554888276531381,3.2466666666666666,173,0
2017-07-08,40.659522247138995,5.836666666666667,171,0
2017-07-09,0.33792526309593557,5.65352380952381,178,0
2017-07-10,0,7.246666666666667,223,2
2017-07-11,0.39258637130000074,9.433333333333334,178,0
2017-07-12,1.698133542696125,11.772,217,0
2017-07-13,0.25336689404902196,12.74,196,0
2017-07-14,2.574073275946072,2.745,166,0
2017-07-15,9.979903178080823,4.636904761904762,159,0
2017-07-16,0,4.043333333333333,187,0
2017-07-17,0,6.996666666666667,232,0
2017-07-18,0.032533599833948684,4.407333333333333,208,0
2017-07-19,0,10.426666666666668,180,0
2017-07-20,0,16.169999999999998,202,2
2017-07-21,1.882393006890457,7.944904761904762,166,2
2017-07-22,0,12.048333333333334,167,0
2017-07-23,18.881609281081303,12.306666666666667,202,2
2017-07-24,9.934084496951947,3.6906666666666665,215,2
2017-07-25,15.532854539871943,2.3133333333333335,196,0
2017-07-26,2.0648505512730185e-7,1.7516666666666667,164,0
2017-07-27,0,5.081,203,0
2017-07-28,0.017648338562707176,9.365,163,0
2017-07-29,0.3688065225932934,2.465,186,2
2017-07-30,0.10257135621522334,4.1845,165,2
2017-07-31,0,7.6850000000000005,178,2
2017-08-01,0,12.927083333333334,161,2
2017-08-02,0.05599614787155461,16.25,174,2
2017-08-03,6.176092386901951,10.320833333333333,167,2
2017-08-04,5.266365289615918,4.04375,183,2
2017-08-05,17.1240112059569,3.8735,163,0
2017-08-06,0,2.864583333333333,160,0
2017-08-07,0.041016274162030214,6.214583333333334,200,2
2017-08-08,17.03368308074246,5.883333333333334,192,0
2017-08-09,0,8.695833333333333,174,0
2017-08-10,0.1918586300957399,12.395833333333332,220,0
2017-08-11,0,4.6125,195,2
2017-08-12,5.86329152371331,3.6166666666666667,181,0
2017-08-13,0.5960305340624469,5.025,184,4
2017-08-14,0,7.955952380952381,219,0
2017-08-15,6.60111086492982,9.222916666666666,224,0
2017-08-16,5.338761843097467,7.939583333333333,212,0
2017-08-17,0,7.695,182,4
2017-08-18,5.417700137803426,7.09375,186,2
2017-08-19,23.37275141622892,5.78125,159,2
2017-08-20,0,6.968571428571429,154,2
2017-08-21,0,12.75,215,0
2017-08-22,0,13.862499999999999,218,0
2017-08-23,9.112974079868437,5.355,210,0
2017-08-24,0,6.5375,201,0
2017-08-25,0,3.9749999999999996,203,0
2017-08-26,0,5.507142857142857,166,0
2017-08-27,0,7.10625,179,0
2017-08-28,0,5.7875,215,2
2017-08-29,0,4.1465,213,6
2017-08-30,10.55684954347182,5.18125,211,2
2017-08-31,0,9.408333333333333,192,0
2017-09-01,0.7091055646921578,2.931904761904762,168,4
2017-09-02,0,2.2616666666666667,179,2
2017-09-03,22.010537841794015,2.1483333333333334,230,4
2017-09-04,6.8592717344603535,9.9995,194,6
2017-09-05,0,15.348333333333334,234,0
2017-09-06,1.3376950591243149,13.211666666666668,238,2
2017-09-07,12.698489524229444,7.148571428571429,205,2
2017-09-08,0,3.37,202,0
2017-09-09,6.201306210477509e-6,1.78,210,2
2017-09-10,0,3.0741666666666667,213,0
2017-09-11,0,4.165,272,0
2017-09-12,0,7.67,209,2
2017-09-13,0,8.800238095238095,239,2
2017-09-14,1.4420873248871717,8.35,269,2
2017-09-15,0.45507773439058863,9.145,292,4
2017-09-16,0.0010958680006829503,13.808666666666667,271,6
2017-09-17,0.018437961281009392,10.743333333333334,278,8
2017-09-18,0,3.9833333333333334,372,0
2017-09-19,0.0296353926309077,7.349714285714286,316,2
2017-09-20,5.662862022603383,4.088333333333333,267,0
2017-09-21,0,7.448333333333333,267,2
2017-09-22,0,4.896,240,0
2017-09-23,0,5.661666666666666,239,2
2017-09-24,0,11.685,286,0
2017-09-25,0,12.007761904761905,311,0
2017-09-26,0,3.5933333333333333,265,0
2017-09-27,0,4.82,239,0
2017-09-28,0.08699140350468472,3.296190476190476,213,2
2017-09-29,0,3.67,227,0
2017-09-30,0,4.87,222,2
2017-10-01,0.25036151320560923,4.553571428571429,252,0
2017-10-02,0,6.36,333,0
2017-10-03,0,5.63,279,0
2017-10-04,0,7.1098333333333334,259,0
2017-10-05,0,10.151666666666667,264,2
2017-10-06,0.27111116544622405,9.791666666666666,251,2
2017-10-07,0,7.678809523809524,204,2
2017-10-08,0.03256741042058296,4.575,221,0
2017-10-09,5.209597330534845,4.758333333333334,283,4
2017-10-10,7.206355538375395,4.7609047619047615,296,0
2017-10-11,0,7.888333333333333,268,0
2017-10-12,3.255403002030417,3.6266666666666665,260,0
2017-10-13,0.11260744395158348,4.202333333333334,244,0
2017-10-14,1.0268069754496698,5.328333333333333,230,4
2017-10-15,0.12106572962200617,5.148333333333333,257,2
2017-10-16,0.526908656094148,2.508,310,0
2017-10-17,0,4.075,298,0
2017-10-18,0,8.573333333333334,255,0
2017-10-19,0,8.677333333333333,283,0
2017-10-20,0,7.368333333333333,237,0
2017-10-21,0,8.788333333333334,195,0
2017-10-22,0,9.902333333333333,266,0
2017-10-23,0,4.256666666666667,340,0
2017-10-24,0.08882582989651513,5.951666666666666,300,0
2017-10-25,6.291017385379963,5.597761904761905,267,0
2017-10-26,0.001750919152226694,4.693333333333333,262,0
2017-10-27,0.937144088270646,7.033333333333333,262,0
2017-10-28,0,5.917833333333333,218,0
2017-10-29,2.1564540886573296,1.2583333333333333,250,2
2017-10-30,86.08477071395478,4.006666666666667,345,0
2017-10-31,1.5875403097912106,5.558333333333334,246,0
2017-11-01,0,6.7,275,0
2017-11-02,0,7.2316666666666665,269,2
2017-11-03,0,6.130833333333333,217,0
2017-11-04,0,3.7683333333333335,235,0
2017-11-05,0.9589825810447584,4.161666666666667,268,0
2017-11-06,1.525922252102214,6.586952380952381,324,0
2017-11-07,0.1510131659188611,4.176666666666667,286,0
2017-11-08,18.01505869156956,4.801666666666667,307,0
2017-11-09,0,5.753166666666667,201,0
2017-11-10,0.10969282958274933,3.7333333333333334,207,0
2017-11-11,0,4.046666666666667,244,0
2017-11-12,0,9.95247619047619,264,0
2017-11-13,0.007253071905658101,11.13,356,0
2017-11-14,1.758291555414953,7.611666666666666,292,0
2017-11-15,0,5.96947619047619,277,0
2017-11-16,3.1451075257187227,4.04,256,0
2017-11-17,1.8058277992386478,3.8933333333333335,253,0
2017-11-18,0,6.623666666666667,238,0
2017-11-19,10.483198969467487,4.773333333333333,279,0
2017-11-20,0.6404413693057183,5.821666666666667,292,0
2017-11-21,0,7.9526666666666666,267,0
2017-11-22,1.5994835353582428,7.606666666666667,244,0
2017-11-23,4.681019863936251,5.043333333333333,218,0
2017-11-24,0,9.488190476190477,290,0
2017-11-25,0,10.528333333333332,262,0
2017-11-26,0,4.838333333333333,283,0
2017-11-27,0,6.550166666666667,355,0
2017-11-28,0,6.546666666666667,342,NA
2017-11-29,0,7.205,274,NA
2017-11-30,0,6.184142857142857,262,NA
2017-12-01,0.5053983594782221,7.295,272,NA
2017-12-02,0,7.741666666666666,231,NA
2017-12-03,0,12.159833333333333,246,NA
2017-12-04,0,16.316666666666666,335,NA
2017-12-05,0,6.54,295,NA
2017-12-06,14.841416206264915,5.536904761904762,253,NA
2017-12-07,0,7.65,283,NA
2017-12-08,0,7.795,240,NA
2017-12-09,0,9.019,215,NA
2017-12-10,10.856378235183984,10.14,232,NA
2017-12-11,9.344893288789283e-6,9.098333333333333,302,NA
2017-12-12,0.001290393107084694,7.682714285714286,306,NA
2017-12-13,0.06684086575930552,4.671666666666667,244,NA
2017-12-14,1.8239427313472711,8.073333333333334,248,NA
2017-12-15,0.24880118583742108,9.588833333333334,270,NA
2017-12-16,3.1142344243811397,12.093333333333334,231,NA
2017-12-17,0,9.133333333333333,234,NA
2017-12-18,0.6048738683131605,16.44047619047619,327,NA
2017-12-19,0,10.325,270,NA
2017-12-20,0,7.045,264,NA
2017-12-21,0,5.631166666666667,248,NA
2017-12-22,0,10.018333333333333,233,NA
2017-12-23,2.2766101173674143,10.183333333333334,219,NA
2017-12-24,11.483940113134617,4.830666666666667,234,NA
2017-12-25,6.705714417526168,6.780666666666667,210,NA
2017-12-26,6.025950759882707e-5,7.1450000000000005,332,NA
2017-12-27,0,8.061285714285715,299,NA
2017-12-28,0,6.228666666666666,234,NA
2017-12-29,0,7.183333333333334,263,NA
2017-12-30,0,13.299666666666667,232,NA
2017-12-31,1.0979228579745597,7.615,173,NA
2018-01-01,0,8.336666666666668,241,NA
2018-01-02,0,10.115,315,NA
2018-01-03,0,13.506666666666666,328,NA
2018-01-04,2.92189428706346,9.16,197,NA
2018-01-05,18.518553175023584,7.083666666666667,244,NA
2018-01-06,0,8.786666666666667,252,NA
2018-01-07,0,9.841666666666667,244,NA
2018-01-08,0,14.129333333333333,300,NA
2018-01-09,0.29274436126859554,14.95,292,NA
2018-01-10,0,11.165000000000001,316,NA
2018-01-11,0,17.36247619047619,287,NA
2018-01-12,0.004349448859871437,6.366666666666666,290,NA
2018-01-13,18.23234483846772,6.793333333333333,228,NA
2018-01-14,0,5.997714285714285,274,NA
2018-01-15,0,8.971666666666666,286,NA
2018-01-16,0,13.251666666666667,352,NA
2018-01-17,1.5693661245014974,13.301428571428572,286,NA
2018-01-18,3.395296844487147,12.459999999999999,289,NA
2018-01-19,0,14.825,273,NA
2018-01-20,0,10.667833333333334,246,NA
2018-01-21,0,15.530000000000001,247,NA
2018-01-22,0.03591334952076343,20.10333333333333,353,NA
2018-01-23,1.0315730384743256,7.711333333333333,299,NA
2018-01-24,5.640770414053725,6.276666666666666,290,NA
2018-01-25,0,5.988333333333333,283,NA
2018-01-26,0,7.609333333333334,280,NA
2018-01-27,0,8.246666666666666,251,NA
2018-01-28,5.028664077143236,9.483333333333334,256,NA
2018-01-29,2.6017864086819307,8.050809523809523,289,NA
2018-01-30,3.0933663727973406,7.016666666666667,288,NA
2018-01-31,0.009354029978716694,5.963333333333334,304,NA
2018-02-01,0,10.681333333333333,255,NA
2018-02-02,6.6728453732385304,7.576666666666666,234,NA
2018-02-03,0,7.483333333333333,253,NA
2018-02-04,0,7.216666666666667,258,NA
2018-02-05,24.34818139309412,7.431666666666667,394,NA
2018-02-06,0,9.958333333333334,337,NA
2018-02-07,7.57201944135172e-4,10.105,262,NA
2018-02-08,22.832728274535214,8.968333333333334,280,NA
2018-02-09,0,12.446666666666667,280,NA
2018-02-10,0,15.83347619047619,233,NA
2018-02-11,21.279085672515496,8.74,253,NA
2018-02-12,21.77664234016448,7.726666666666667,329,NA
2018-02-13,0.0661896546422736,7.180000000000001,305,NA
2018-02-14,0.2547987271256456,9.55,253,NA
2018-02-15,2.0610165060203007,13.305,246,NA
2018-02-16,5.202919292458841,6.594904761904762,253,NA
2018-02-17,1.5017852938970926,5.945,237,NA
2018-02-18,15.652247831622253,9.421666666666667,250,NA
2018-02-19,0,9.6505,292,NA
2018-02-20,1.502297250347117,12.545,271,2
2018-02-21,0,9.965,254,4
2018-02-22,1.5813481964700267,4.087380952380952,265,0
2018-02-23,3.5599807377344668,4.6850000000000005,250,0
2018-02-24,2.389447240625027,7.045,195,0
2018-02-25,20.571808509850154,5.939166666666667,208,2
2018-02-26,7.660381122289758,6.875,296,0
2018-02-27,0,5.484999999999999,255,0
2018-02-28,0,7.880714285714285,232,0
2018-03-01,0,11.525,239,0
2018-03-02,39.67507337825447,3.7716666666666665,217,0
2018-03-03,38.929112641969134,4.301666666666667,208,0
2018-03-04,0,3.0216666666666665,252,0
2018-03-05,0,3.6733333333333333,319,2
2018-03-06,0,5.490714285714286,278,2
2018-03-07,3.7738750945435506,3.025,218,2
2018-03-08,35.68319866307532,5.31,293,0
2018-03-09,0,5.985,258,0
2018-03-10,0,4.965,239,0
2018-03-11,0,4.65,270,2
2018-03-12,0,5.295,346,0
2018-03-13,5.978390260908233,3.99,259,6
2018-03-14,4.455100874062785,4.6049999999999995,292,0
2018-03-15,4.7838418413572305e-6,7.702500000000001,291,0
2018-03-16,2.756310118140554e-6,7.12,305,2
2018-03-17,0,4.435,266,2
2018-03-18,0,4.309047619047619,294,0
2018-03-19,0,5.734999999999999,358,2
2018-03-20,0,5.050000000000001,328,0
2018-03-21,1.5017143460987623,4.9825,196,2
2018-03-22,32.69718086365406,5.045,276,4
2018-03-23,3.887227134910466e-5,4.738333333333333,347,2
2018-03-24,0,4.068333333333333,247,0
2018-03-25,0,5.088333333333333,260,0
2018-03-26,0,6.19,326,0
2018-03-27,0,5.9,333,4
2018-03-28,1.3122193685444625,9.808333333333334,286,8
2018-03-29,0.021182631309823934,11.895,263,22
2018-03-30,0.6542029539943597,10.936428571428571,218,0
2018-03-31,2.054097634951771,3.015,207,0
2018-04-01,0,4.51,272,0
2018-04-02,10.25902082403462,5.8775,260,4
2018-04-03,3.270836134773778,4.484999999999999,301,2
2018-04-04,5.735834702324045,6.35,313,10
2018-04-05,2.48099717877953,4.014047619047619,260,0
2018-04-06,0.013941883108092157,7.845,237,2
2018-04-07,2.1557994633496116,3.27,219,2
2018-04-08,0,3.669166666666667,248,0
2018-04-09,0,4.835,330,0
2018-04-10,0.5409954208961305,7.665,299,4
2018-04-11,2.6156854850762615e-4,8.8966666666666665,314,18
2018-04-12,0,12.87,271,46
2018-04-13,0,15.385,285,28
2018-04-14,0,16.033333333333335,228,18
2018-04-15,7.688016401868831e-7,4.055,258,36
2018-04-16,34.04977228583918,2.916666666666667,311,14
2018-04-17,38.862475236885665,2.7199999999999998,296,2
2018-04-18,0.00284595085379903,3.655,290,0
2018-04-19,1.9907425296401555,4.365,257,0
2018-04-20,2.9030430241290803,3.145,240,0
2018-04-21,1.6328760417817983e-7,3.275,236,0
2018-04-22,0,4.46,268,0
2018-04-23,0,11.08095238095238,350,2
2018-04-24,0.29028625881148107,4.428333333333333,303,4
2018-04-25,9.734203699069564,3.665,328,8
2018-04-26,8.74335241560842,4.2525,273,4
2018-04-27,0.009031739841699568,4.5649999999999995,247,4
2018-04-28,2.9802061071754276,7.08,217,2
2018-04-29,5.124963804428818,3.3392857142857144,232,0
2018-04-30,0.03735202172169618,3.375,349,2
2018-05-01,0.767846444095867,8.32,268,26
2018-05-02,0.04724417210711051,10.730833333333333,285,75
2018-05-03,0,14.09,296,44
2018-05-04,0.316608702009581,11.825000000000001,287,81
2018-05-05,0,5.301666666666667,340,131
2018-05-06,6.098610412026427e-4,6.1450000000000005,417,80
2018-05-07,0.2362002089433278,6.43,508,8
2018-05-08,0,5.965,439,46
2018-05-09,0,5.93,418,42
2018-05-10,0,2.7600000000000002,426,74
2018-05-11,5.357532657000254,4.723333333333334,537,12
2018-05-12,3.171206044206321,4.806,412,8
2018-05-13,4.256835925330995,2.085,334,8
2018-05-14,6.724253318706996,6.3,425,76
2018-05-15,0,10.42,354,38
2018-05-16,14.882841875263477,4.95,383,20
2018-05-17,17.287252454024035,9.058809523809524,350,54
2018-05-18,2.7573206631306832,4.61,308,14
2018-05-19,4.126750085770268,2.51,312,8
2018-05-20,13.012855078044947,4.708333333333334,298,24
2018-05-21,0.009522740703021691,4.2700000000000005,373,12
2018-05-22,0,5.96,336,28
2018-05-23,11.217635022729658,6.465,296,18
2018-05-24,0,6.665,316,8
2018-05-25,0,10.6,256,16
2018-05-26,0,14.404166666666667,244,26
2018-05-27,6.3025337422546315,5.7,275,6
2018-05-28,12.953670972861513,2.45,265,10
2018-05-29,0,11.360238095238095,366,10
2018-05-30,0,2.8649999999999998,280,4
2018-05-31,7.07593538515842e-4,4.905,258,8
2018-06-01,2.5007088480321213,8.8125,245,14
2018-06-02,4.2591275945415275,6.84,242,10
2018-06-03,4.321347824731183,0.95,273,28
2018-06-04,12.051270046791025,3.04,322,4
2018-06-05,0.7160592355087115,3.83,251,4
2018-06-06,0.11429801818274866,3.5050000000000003,238,8
2018-06-07,0,3.0091666666666668,223,0
2018-06-08,0,7.71,243,4
2018-06-09,0,8.885,196,2
2018-06-10,0.42421715383958086,5.814047619047619,230,0
2018-06-11,3.5047025290907534,3.3200000000000003,243,6
2018-06-12,0,3.305,253,0
2018-06-13,0,6.6025,260,8
2018-06-14,0.8773336669395287,2.81,214,4
2018-06-15,0,2.235,223,2
2018-06-16,0,6.1657142857142855,184,0
2018-06-17,0,9.435,201,0
2018-06-18,0.2042070248364581,14.06,291,0
2018-06-19,6.213878370997418,5.9475,254,0
2018-06-20,0,4.6,239,0
2018-06-21,11.975849263695135,7.733333333333333,225,6
2018-06-22,0.16070747593430834,4.878095238095238,184,2
2018-06-23,1.8770245843040574,3.7199999999999998,175,0
2018-06-24,0.011847569836998187,7.506666666666667,195,2
2018-06-25,3.1891674059746355,3.4916666666666667,268,0
2018-06-26,0,3.07,201,0
2018-06-27,0,1.9,188,2
2018-06-28,13.425640712699602,7.067380952380953,181,0
2018-06-29,19.950639606147828,5.955,185,2
2018-06-30,0,10.385,186,0
2018-07-01,0,19.454166666666666,183,0
2018-07-02,0,22.57,250,0
2018-07-03,0,17.208333333333332,234,0
2018-07-04,1.2906758194703791,15.735238095238095,200,0
2018-07-05,0.011957328815575619,3.89,207,0
2018-07-06,1.6446981173833692,3.35,184,0
2018-07-07,2.8808068984987054,2.0038095238095237,175,0
2018-07-08,0,3.7600000000000002,205,2
2018-07-09,0,5.895,219,0
2018-07-10,0,11.202142857142857,175,2
2018-07-11,0,10.625,196,0
2018-07-12,1.6324425687013042,7.335,184,0
2018-07-13,0,9.205,192,0
2018-07-14,0,8.605,192,2
2018-07-15,20.96094744992618,7.55,183,0
2018-07-16,2.7591229796787338,14.755,216,2
2018-07-17,0,8.8,230,0
2018-07-18,29.08841048324018,4.16,219,0
2018-07-19,0,4.8375,198,0
2018-07-20,0,4.75,185,0
2018-07-21,0,2.265,197,0
2018-07-22,21.16864181198126,5.213095238095238,184,0
2018-07-23,14.1786084776069,5.99,208,0
2018-07-24,2.3932292047019663,4.59,208,2
2018-07-25,10.737409562403263,3.6466666666666665,200,0
2018-07-26,10.237747846128185,4.5600000000000005,182,2
2018-07-27,0.0862671475407388,10.215,163,0
2018-07-28,27.834900114149832,9.142619047619048,166,0
2018-07-29,0.022433574666723567,4.93,187,0
2018-07-30,0,6.835,212,0
2018-07-31,0.06874815603268263,6.340833333333333,212,0
2018-08-01,0.967366094990227,5.57,194,2
2018-08-02,3.363022948745473,5.285,187,0
2018-08-03,5.170948673892682,5.670238095238095,182,0
2018-08-04,14.942484690852675,3.315,163,0
2018-08-05,14.206573513853414,10.86,206,0
2018-08-06,0,18.335,231,0
2018-08-07,0,13.835,222,6
2018-08-08,20.553652066804307,11.63,220,0
2018-08-09,13.122418066960881,9.711666666666666,214,0
2018-08-10,0,14.725,216,0
2018-08-11,11.048421017964676,8.620000000000001,162,0
2018-08-12,34.876706010821366,7.44904761904762,182,0
2018-08-13,5.640135609176465,3.9466666666666668,240,2
2018-08-14,11.741330412926093,4.82,193,4
2018-08-15,10.811603143718601,13.36,214,0
2018-08-16,0,23.001666666666665,201,4
2018-08-17,0,20.358333333333334,215,4
2018-08-18,14.154770271668331,10.938809523809523,179,0
2018-08-19,4.179897980728352,3.7550000000000003,199,0
2018-08-20,1.5767098655552918,4.185,209,0
2018-08-21,0.002064742737805178,3.8511904761904763,189,4
2018-08-22,14.019588277381025,5.234999999999999,166,0
2018-08-23,1.2481954872780174,6.785,184,0
2018-08-24,0,10.614166666666668,174,0
2018-08-25,0,5.671666666666667,162,2
2018-08-26,0,6.805,205,4
2018-08-27,0,17.812142857142856,262,0
2018-08-28,0,25.506666666666668,222,0
2018-08-29,0,19.61,223,4
2018-08-30,0,8.831666666666667,214,0
2018-08-31,0.05604089850419422,3.65,197,14
2018-09-01,1.7273182268062024,3.51,187,2
2018-09-02,0,6.725,194,0
2018-09-03,2.8030475989644324e-5,10.235,210,4
2018-09-04,0.13930503357538834,7.31,207,0
2018-09-05,0,10.493333333333332,233,2
2018-09-06,0,12.24,214,5
2018-09-07,5.138220462713888,5.395,226,0
2018-09-08,0.5358644267591873,4.2023809523809526,231,0
2018-09-09,1.8797512069420914,1.475,235,0
2018-09-10,19.647846533344094,0.29999999999999993,234,0
2018-09-11,13.9355856426541,8.538333333333334,286,4
2018-09-12,1.6370834453961265,7.4366666666666665,278,2
2018-09-13,7.504588959018074,1.78,247,4
2018-09-14,0.3995597759982057,3.1123809523809522,240,14
2018-09-15,0.12754270094660974,4.1899999999999995,222,8
2018-09-16,0,5.91,275,2
2018-09-17,0,4.779166666666667,314,14
2018-09-18,0.8828051536818486,3.65,306,2
2018-09-19,27.980374613492483,7.375,314,2
2018-09-20,4.450882095533272e-5,3.231904761904762,298,2
2018-09-21,0,2.065,336,0
2018-09-22,0,3.355,289,0
2018-09-23,0.022986653879611536,3.3578571428571427,290,4
2018-09-24,0.0802285336115358,4.255,419,6
2018-09-25,6.430996745255719,3.795,306,7
2018-09-26,46.08527899883378,6.24,390,0
2018-09-27,3.635042104067291,2.8466666666666667,314,0
2018-09-28,26.889186402289788,3.2416666666666667,306,0
2018-09-29,2.1682306548365307,5.610952380952381,274,0
2018-09-30,0,3.7183333333333333,301,22
2018-10-01,0,9.709999999999999,420,4
2018-10-02,0,8.109285714285715,392,4
2018-10-03,15.75079605934722,4.08,365,0
2018-10-04,0.24307286135011197,10.385,340,0
2018-10-05,0.7828823491832784,4.085833333333333,285,0
2018-10-06,0,3.965,243,NA
2018-10-07,0.1270722921057154,9.35,332,2
2018-10-08,0,5.596904761904762,309,0
2018-10-09,0.41366823527866725,5.831666666666667,361,2
2018-10-10,0,5.556666666666667,310,0
2018-10-11,3.55602111900624e-4,4.185952380952381,309,2
2018-10-12,36.554788987813666,1.99375,291,0
2018-10-13,0.9769948052147376,3.15,321,0
2018-10-14,1.7418354231148327,4.886190476190476,325,0
2018-10-15,0.5634514207392628,5.1,438,0
2018-10-16,3.302763968847514,2.4699999999999998,345,0
2018-10-17,0,5.325833333333334,329,0
2018-10-18,0,2.15,310,0
2018-10-19,0,4.640000000000001,278,2
2018-10-20,1.8567652271199402,5.976190476190476,281,0
2018-10-21,0.21307173581383756,2.76,294,0
2018-10-22,0,4.385,397,0
2018-10-23,0,5.63,317,0
2018-10-24,0,3.895,297,0
2018-10-25,0,2.675,315,0
2018-10-26,0,4.488333333333333,289,0
2018-10-27,16.8858233046426,0.86,221,0
2018-10-28,14.24906216070934,2.98,243,0
2018-10-29,1.5965693695092802,4.4075,392,0
2018-10-30,0.015741293948263926,4.725,308,0
2018-10-31,0,10.14,264,NA
2018-11-01,0,13.285,300,NA
2018-11-02,0.1311526729310104,6.915,253,NA
2018-11-03,12.355804704047303,3.37,224,NA
2018-11-04,0.06770985758682552,4.4275,280,NA
2018-11-05,1.8962037082359597e-4,3.945,361,NA
2018-11-06,7.962504317769325,3.98,261,NA
2018-11-07,20.25709129562769,5.255,308,NA
2018-11-08,0,5.5216666666666665,263,NA
2018-11-09,0,3.285,276,NA
2018-11-10,20.704929619396413,3.8983333333333334,211,NA
2018-11-11,0,5.2,248,NA
2018-11-12,0,10.715,308,NA
2018-11-13,18.3257611204738,6.570952380952381,301,NA
2018-11-14,8.68363030802705,4.055,277,NA
2018-11-15,0,2.4,237,NA
2018-11-16,31.17770584758217,4.486666666666666,239,NA
2018-11-17,0.631207545795443,8.475,264,NA
2018-11-18,0,5.03,244,NA
2018-11-19,0,16.618333333333332,329,NA
2018-11-20,0.008915462814285149,9.575,268,NA
2018-11-21,0.002219539052186436,6.65,237,NA
2018-11-22,0.016707399723923645,3.296904761904762,191,NA
2018-11-23,0,5.223333333333334,305,NA
2018-11-24,0,7.745,284,NA
2018-11-25,50.69796015457725,6.673333333333334,265,NA
2018-11-26,0,7.275,328,NA
2018-11-27,22.77617273417157,3.211666666666667,307,NA
2018-11-28,0,3.1041666666666665,276,NA
2018-11-29,0,4.495,278,NA
2018-11-30,0,8.216666666666667,280,NA
2018-12-01,1.383744418704962,9.711666666666666,233,NA
2018-12-02,16.559307722153193,7.335416666666667,295,NA
2018-12-03,7.50488310513854,5.988333333333333,351,NA
2018-12-04,0,3.7735714285714286,310,NA
2018-12-05,0,6.631666666666667,299,NA
2018-12-06,0,8.64,298,NA
2018-12-07,0,6.201666666666666,243,NA
2018-12-08,0,7.99,235,NA
2018-12-09,0,8.015,248,NA
2018-12-10,0,9.652380952380952,308,NA
2018-12-11,0,11.616666666666667,326,NA
2018-12-12,0,14.183333333333334,291,NA
2018-12-13,0,10.916666666666666,283,NA
2018-12-14,0.19814351355653564,8.105,236,NA
2018-12-15,6.7076690733141175,10.63,231,NA
2018-12-16,11.625570094078647,5.480833333333333,235,NA
2018-12-17,20.352924389368262,5.6000000000000005,327,NA
2018-12-18,0,5.553333333333334,287,NA
2018-12-19,0,9.676666666666666,262,NA
2018-12-20,0,14.045,266,NA
2018-12-21,31.136851560787804,5.05,282,NA
2018-12-22,16.89035666285493,6.548809523809523,234,NA
2018-12-23,1.2951830956012702e-6,7.431666666666667,236,NA
2018-12-24,2.2427489342621465,10.156666666666666,246,NA
2018-12-25,0.03162802295371132,5.68,259,NA
2018-12-26,0,10.356666666666666,304,NA
2018-12-27,0,10.415,278,NA
2018-12-28,6.638122170028167,7.070476190476191,271,NA
2018-12-29,23.21117392749423,6.391666666666667,254,NA
2018-12-30,0,8.001666666666667,254,NA
2018-12-31,0,10.635,219,NA
2019-01-01,31.698485420126936,8.028333333333332,241,NA
2019-01-02,0,8.6,327,NA
2019-01-03,0,7.7965,279,NA
2019-01-04,0,12.455,238,NA
2019-01-05,6.54833073199109,8.361666666666666,212,NA
2019-01-06,6.861271989540769,8.722714285714286,233,NA
2019-01-07,0,5.7683333333333335,272,NA
2019-01-08,1.6429351347135337,10.535,298,NA
2019-01-09,4.90126769218209,5.244166666666667,262,NA
2019-01-10,0,6.245,275,NA
2019-01-11,0,6.955,257,NA
2019-01-12,0,6.055238095238096,191,NA
2019-01-13,0,6.955,239,NA
2019-01-14,0,8.3,285,NA
2019-01-15,0,12.669166666666667,287,NA
2019-01-16,0,13.09,240,NA
2019-01-17,0,6.3,258,NA
2019-01-18,0.8272467538750369,14.035714285714286,226,NA
2019-01-19,0.003330021479195414,8.64,209,NA
2019-01-20,31.21249210903398,5.595,235,NA
2019-01-21,3.813309035475292,5.6725,217,NA
2019-01-22,0,7.515,327,NA
2019-01-23,0,7.470000000000001,290,NA
2019-01-24,2.6922152324816553,5.076666666666667,227,NA
2019-01-25,32.62120803760254,8.273333333333333,255,NA
2019-01-26,0,8.205,222,NA
2019-01-27,0,8.181666666666667,226,NA
2019-01-28,0,8.94,320,NA
2019-01-29,0,10.56,262,NA
2019-01-30,6.820988180034752,8.59,247,NA
2019-01-31,0.21425763874753945,7.995,241,NA
2019-02-01,0,9.355,253,NA
2019-02-02,0,16.32,211,NA
2019-02-03,0,19.75,245,0
2019-02-04,0,18.5,292,NA
2019-02-05,0,17.580952380952382,244,NA
2019-02-06,0,5.645,247,NA
2019-02-07,14.013045362604121,6.125,240,NA
2019-02-08,6.993288310141958,5.564166666666667,227,NA
2019-02-09,1.3927938457941162,4.845,234,NA
2019-02-10,0,5.46,261,NA
2019-02-11,0.09626279963760101,10.440714285714286,322,NA
2019-02-12,2.0124111938079307e-4,4.11,240,NA
2019-02-13,23.49600379396768,6.443333333333333,239,NA
2019-02-14,7.548134595056713e-4,7.3566666666666665,207,NA
2019-02-15,0,9.265,250,NA
2019-02-16,0,6.401666666666666,192,NA
2019-02-17,0,4.668333333333333,217,NA
2019-02-18,3.860697057811574,6.925,258,NA
2019-02-19,0.0033753911530144524,5.16,253,NA
2019-02-20,0,6.894166666666667,270,NA
2019-02-21,20.388284232983455,6.2700000000000005,262,NA
2019-02-22,3.1468156655963705e-6,9.715,233,NA
2019-02-23,0,7.453571428571428,215,NA
2019-02-24,15.599203447004783,4.4399999999999995,220,NA
2019-02-25,4.664595071123863,6.9,260,NA
2019-02-26,0,5.351428571428571,279,NA
2019-02-27,0,3.755,225,NA
2019-02-28,0.24525062887059548,6.735,247,NA
2019-03-01,1.2490398566474168,8.911666666666667,215,0
2019-03-02,12.05366114064794,8.445,227,NA
2019-03-03,0.06355251368111396,9.505,229,0
2019-03-04,23.58089735617912,6.566666666666666,255,0
2019-03-05,7.856641876681192e-6,7.655,283,0
2019-03-06,0,7.68,273,0
2019-03-07,0,9.727142857142857,234,0
2019-03-08,0,10.75,249,0
2019-03-09,0,14.015,208,0
2019-03-10,9.129332388285338,8.854166666666666,249,0
2019-03-11,7.992332979375148,6.625,308,0
2019-03-12,0,6.335,300,0
2019-03-13,0,8.833333333333334,291,4
2019-03-14,0,6.511666666666667,262,0
2019-03-15,0.02648143490981763,10.575,279,4
2019-03-16,7.658970417601187,2.725,222,0
2019-03-17,0,3.11,255,0
2019-03-18,0,4.725,318,0
2019-03-19,0,6.43952380952381,320,2
2019-03-20,0,8.375,301,0
2019-03-21,0.030588174965434766,5.155,279,0
2019-03-22,33.55646108259562,2.7933333333333334,297,6
2019-03-23,2.148354288980907,3.735,220,8
2019-03-24,0,4.185,244,6
2019-03-25,0,7.254761904761905,303,2
2019-03-26,1.0588221858306277e-4,3.1100000000000003,287,0
2019-03-27,0,4.035,252,0
2019-03-28,0,5.314166666666667,256,30
2019-03-29,0,9.385,267,6
2019-03-30,1.5815876423654485e-7,10.545,217,22
2019-03-31,0,10.06690476190476,261,62
2019-04-01,2.961659580166017,3.685,325,0
2019-04-02,0,4.1,267,2
2019-04-03,0.6632008790771018,5.721904761904762,233,0
2019-04-04,0,4.255,264,2
2019-04-05,0,4.835,206,2
2019-04-06,5.14007774533141,6.598333333333334,235,2
2019-04-07,0,7.655,243,4
2019-04-08,6.638181754388901,8.52,357,0
2019-04-09,0,7.359999999999999,273,0
2019-04-10,1.2138073905437252,2.625,275,0
2019-04-11,0,3.9899999999999998,276,4
2019-04-12,0,6.434047619047619,218,2
2019-04-13,19.08904528844482,9.12,243,0
2019-04-14,0.11809732002955582,4.46,231,0
2019-04-15,20.343903884801964,2.73,304,0
2019-04-16,9.858042385714656,2.57,276,0
2019-04-17,0.3666273290114646,2.6300000000000003,274,0
2019-04-18,0.013869028013927589,6.898809523809524,226,24
2019-04-19,0.050127531095377195,8.745,228,40
2019-04-20,7.698251479125638,5.95,219,57
2019-04-21,8.333877883477756,5.662857142857143,240,114
2019-04-22,9.225928186570364e-8,5.53,279,116
2019-04-23,7.296634089513333,5.67,236,66
2019-04-24,0.9228245489962361,3.5949999999999998,275,10
2019-04-25,0,3.385,294,0
2019-04-26,6.35094085610655,3.2933333333333334,239,4
2019-04-27,23.507770987205557,3.1123809523809527,215,0
2019-04-28,0,3.9633333333333334,225,2
2019-04-29,0.03532439405654692,3.643333333333333,264,8
2019-04-30,2.0721795875608584,6.800476190476191,281,6
2019-05-01,0.0553037373607777,3.2199999999999998,279,20
2019-05-02,0.45272412611873614,9.035,245,11
2019-05-03,2.2640479403411033,7.800000000000001,245,70
2019-05-04,5.012612230475722,8.945,216,29
2019-05-05,15.279371184874249,1.955,232,33
2019-05-06,23.349277137141062,3.6552380952380954,291,59
2019-05-07,0,4.91,306,NA
2019-05-08,3.724802915100618,4.359999999999999,310,NA
2019-05-09,0,4.286666666666667,312,NA
2019-05-10,0.004155464752192236,5.97,302,NA
2019-05-11,1.8338946020266966,3.405,253,NA
2019-05-12,10.630840119955042,1.7085714285714286,308,NA
2019-05-13,22.476459457071243,1.655,425,NA
2019-05-14,16.393237350683048,2.35,320,NA
2019-05-15,5.214503087935256,3.7783333333333333,303,22
2019-05-16,2.1508035046903573,6.57,309,22
2019-05-17,0.4717810371322876,10.965,287,11
2019-05-18,1.392715227059639,4.943809523809524,309,13
2019-05-19,0.4425927011040126,7.215,288,71
2019-05-20,1.8906227531361357,8.455,322,9
2019-05-21,0.02555664415406453,1.9216666666666669,333,0
2019-05-22,0,3.31,306,9
2019-05-23,5.960884150945909,5.364999999999999,306,0
2019-05-24,7.049321898030945,3.9445238095238095,323,4
2019-05-25,0,1.9949999999999999,261,16
2019-05-26,0.11005744984319071,6.444999999999999,267,2
2019-05-27,6.055879700758625,4.348333333333334,313,8
2019-05-28,0,7.3549999999999995,308,14
2019-05-29,9.181143830165505,3.9266666666666667,314,4
2019-05-30,15.888942928631737,5.96,291,0
2019-05-31,23.67826359491569,7.943333333333333,277,0
2019-06-01,0,10.57,252,16
2019-06-02,0.0014677068799836038,10.69,230,16
2019-06-03,7.293095053579906,2.8649999999999998,302,0
2019-06-04,0,2.865,251,0
2019-06-05,0,11.289047619047619,270,0
2019-06-06,7.056934342945048,6.015,249,2
2019-06-07,0.017242575933873964,8.066666666666666,238,0
2019-06-08,0,5.9675,211,0
2019-06-09,0,3.025,222,0
2019-06-10,0,3.125,273,0
2019-06-11,22.827515807160008,2.045,256,4
2019-06-12,0.13330078388672825,2.2883333333333336,247,0
2019-06-13,0.3473338257055725,1.0133333333333334,246,2
2019-06-14,17.96673042166389,3.0916666666666663,225,0
2019-06-15,0,4.965,224,2
2019-06-16,0.7829904838631857,9.393333333333333,220,0
2019-06-17,1.2907128770849345,7.7507142857142854,242,2
2019-06-18,2.154367415814055,8.155,241,0
2019-06-19,27.14950004898763,3.1216666666666666,202,0
2019-06-20,3.476264280370173,5.571666666666666,213,2
2019-06-21,23.986624529381395,2.3433333333333333,222,0
2019-06-22,9.59412984324509,2.0100000000000002,192,2
2019-06-23,8.164379638633649e-7,3.373809523809524,230,0
2019-06-24,0,8.629999999999999,260,2
2019-06-25,9.966746023373274,9.418333333333333,242,4
2019-06-26,5.832598045512681,7.7975,222,2
2019-06-27,8.164379638633649e-7,5.35,204,2
2019-06-28,0,7.38,207,0
2019-06-29,0,11.247380952380952,200,0
2019-06-30,2.8877577823314335,3.195,231,0
2019-07-01,1.4646846654358026,2.92,241,0
2019-07-02,0,7.9383333333333335,238,0
2019-07-03,0.6973191891674847,13.005,265,2
2019-07-04,0,19.268333333333334,188,0
2019-07-05,0,9.397857142857143,239,0
2019-07-06,0,6.715,257,0
2019-07-07,3.7854405662279214,7.59,207,2
2019-07-08,0.27005114748412146,7.135833333333333,263,0
2019-07-09,1.1260092903691383,9.165,243,4
2019-07-10,0,13.275,260,0
2019-07-11,0,6.549761904761905,209,0
2019-07-12,22.745014305960364,4.7250000000000005,197,0
2019-07-13,0,6.345,183,2
2019-07-14,0,7.142857142857143,226,0
2019-07-15,0,3.62,263,0
2019-07-16,0,10.063333333333333,252,0
2019-07-17,0,12.988333333333333,243,0
2019-07-18,37.76527498447681,4.9383333333333335,193,0
2019-07-19,8.242971077232179,9.963333333333333,203,0
2019-07-20,0,12.44,201,0
2019-07-21,8.303335286081754e-7,10.47,200,2
2019-07-22,0.9136425405334485,4.17,255,0
2019-07-23,61.355467701763196,1.7433333333333334,232,0
2019-07-24,3.6051511216053176,4.52,188,0
2019-07-25,0,6.7683333333333335,210,2
2019-07-26,0,9.118333333333334,181,2
2019-07-27,0,8.446666666666665,142,0
2019-07-28,2.0271912219368504,10.796666666666667,143,0
2019-07-29,0.5635482351393302,14.978333333333333,174,0
2019-07-30,0,16.18,170,0
2019-08-07,0.9385799879823178,7.795,224,0
2019-08-08,32.780702930082356,7.213333333333333,202,0
2019-08-09,2.1030064892913054,5.766666666666667,206,0
2019-08-10,3.463530475837112,2.9583333333333335,169,0
2019-08-11,0,3.045,197,0
2019-08-12,0,6.74,270,0
2019-08-13,0.29270439888633215,11.540000000000001,248,0
2019-08-14,0.9193607587738731,14.953333333333333,215,0
2019-08-15,7.200649789050576,8.048333333333334,210,0
2019-08-16,0,5.846666666666667,218,0
2019-08-17,2.5241125929332137e-4,4.468333333333333,189,0
2019-08-18,0.662389899838375,6.5183333333333335,202,0
2019-08-19,5.284311995442788,8.33,203,0
2019-08-20,2.6255649075656176,6.433333333333334,243,2
2019-08-21,0,9.041666666666666,221,0
2019-08-22,7.78440309609793,7.4206666666666665,212,2
2019-08-23,25.54723097326667,4.461666666666667,215,2
2019-08-24,1.371422342875058,2.0300000000000002,217,0
2019-08-25,0.00378986574057266,2.3033333333333332,218,2
2019-08-26,0,2.8583333333333334,256,0
2019-08-27,0,3.2466666666666666,223,0
2019-08-28,0.00279797448332186,4.3196666666666665,238,2
2019-08-29,3.87913671434602,3.121666666666667,239,4
2019-08-30,0,7.966666666666667,200,2
2019-08-31,0,4.753333333333333,217,2
2019-09-01,0,2.723333333333333,222,2
2019-09-02,0,3.861666666666667,239,2
2019-09-03,17.638244576978487,5.886666666666667,273,4
2019-09-04,1.6328760417817983e-7,7.685,236,2
2019-09-05,4.065451778637587,2.27,228,0
2019-09-06,0,2.7616666666666667,224,10
2019-09-07,9.13162663375865,3.145,227,4
2019-09-08,0,6.136666666666667,266,2
2019-09-09,0,4.173,307,4
2019-09-10,0.36433242020725326,3.493333333333333,313,8
2019-09-11,2.5824591707337e-4,9.051666666666666,270,12
2019-09-12,0.44305202959432965,9.115,282,2
2019-09-13,2.197225958990838,1.7866666666666666,330,6
2019-09-14,0,4.255,281,22
2019-09-15,0.039474953237449775,5.5423333333333336,338,2
2019-09-16,0,7.465,413,2
2019-09-17,0.009900816481009026,2.325,351,0
2019-09-18,0,3.611666666666667,370,0
2019-09-19,0,3.99,319,2
2019-09-20,0,7,342,4
2019-09-21,0,10.651333333333334,316,0
2019-09-22,0,11.683,304,4
2019-09-23,0,10.255,413,4
2019-09-24,0.5403502577614817,2.336666666666667,346,0
2019-09-25,0,5.1049999999999995,293,0
2019-09-26,0,7.443333333333333,333,2
2019-09-27,0.72115522105252,5.43,271,0
2019-09-28,0,5.828333333333333,250,0
2019-09-29,0,3.6466666666666665,238,0
2019-09-30,0,3.0233333333333334,317,0
2019-10-01,0.005245800392255729,5.513333333333334,274,0
2019-10-02,0,8.875,291,0
2019-10-03,9.259588432518797,1.6409999999999998,250,0
2019-10-04,6.716607147090824,1.88,253,0
2019-10-05,2.8839972831054664e-6,1.905,205,0
2019-10-06,0,3.6999999999999997,266,4
2019-10-07,0.4568916554998707,3.533333333333333,300,4
2019-10-08,4.399007662641225,2.643333333333333,275,0
2019-10-09,0.00595102720048616,3.4736666666666665,229,0
2019-10-10,12.844185404976445,1.72,257,2
2019-10-11,0.008646328450040963,2.223333333333333,243,0
2019-10-12,0,4.093333333333333,229,0
2019-10-13,0,4.303333333333334,252,0
2019-10-14,0.00776810498203626,6.023333333333333,315,0
2019-10-15,0,5.680666666666666,286,2
2019-10-16,0,3.453333333333333,253,0
2019-10-17,42.87216085619174,2.018333333333333,244,2
2019-10-18,0.003640833061211776,2.4383333333333335,237,0
2019-10-19,0,5.59,227,0
2019-10-20,0,8.788333333333334,228,0
2019-10-21,14.482373898173076,7.178333333333334,304,0
2019-10-22,0,3.3249999999999997,254,NA
2019-10-23,14.065177884646623,4.073333333333333,225,NA
2019-10-24,0,6.34,254,NA
2019-10-25,0,10.063333333333333,244,NA
2019-10-26,0,6.031666666666666,238,NA
2019-10-27,2.1372988950748626,3.5580000000000003,261,NA
2019-10-28,29.4016018740854,3.486666666666667,323,NA
2019-10-29,0.36672814931164605,3.1366666666666667,277,NA
2019-10-30,3.4583798513746467,4.13,267,NA
2019-10-31,7.668800097301499,4.331666666666666,223,NA
2019-11-01,9.954874409368095,2.933333333333333,271,NA
2019-11-02,0,4.3886666666666665,240,NA
2019-11-03,0,5.8533333333333335,262,NA
2019-11-04,0,5.109999999999999,287,NA
2019-11-05,0,7.446666666666666,269,NA
2019-11-06,1.1064856459648805e-5,6.303333333333334,298,NA
2019-11-07,0,6.598333333333334,294,NA
2019-11-08,2.345542723885556,2.4673333333333334,261,NA
2019-11-09,0,2.9716666666666667,215,NA
2019-11-10,0,8.28,233,NA
2019-11-11,0,16.276666666666664,304,NA
2019-11-12,0.24446217778451593,5.308333333333334,289,NA
2019-11-13,1.092531384701641,4.085,312,NA
2019-11-14,0.0026534942642481856,6.151666666666666,273,NA
2019-11-15,0,10.845,266,NA
2019-11-16,0,3.81,239,NA
2019-11-17,0,3.7116666666666664,278,NA
2019-11-18,0.6430827925850338,4.145,306,NA
2019-11-19,15.201139083385439,5.83,318,NA
2019-11-20,0,5.828333333333333,279,NA
2019-11-21,0,8.03,253,NA
2019-11-22,0,7.928333333333333,238,NA
2019-11-23,1.68225054262351,4.626666666666667,223,NA
2019-11-24,14.105412894286069,4.95,257,NA
2019-11-25,5.4487119341479815,12.675,270,NA
2019-11-26,0,13.480666666666666,241,NA
2019-11-27,1.6746683446856528e-6,10.906666666666666,292,NA
2019-11-28,0.93900527192038,2.8416666666666663,194,NA
2019-11-29,0,2.48,253,NA
2019-11-30,0,4.1000000000000005,270,NA
2019-12-01,0,3.9650000000000003,231,NA
2019-12-02,16.740413473874845,3.578,333,NA
2019-12-03,12.511552245187042,4.711666666666667,296,NA
2019-12-04,1.2552029209465134e-4,10.071666666666667,271,NA
2019-12-05,0.03427570103984581,5.87,250,NA
2019-12-06,0,6.226666666666667,235,NA
2019-12-07,0,5.736666666666666,230,NA
2019-12-08,0,5.227,253,NA
2019-12-09,8.692376976563686,5.921666666666667,285,NA
2019-12-10,35.06540569609766,9.293333333333333,287,NA
2019-12-11,11.456803303947789,5.733333333333333,256,NA
2019-12-12,0.8690295626367578,8.205,250,NA
2019-12-13,0,9.155,222,NA
2019-12-14,50.575834069115935,4.870666666666667,232,NA
2019-12-15,1.0587666234758544,7.023333333333333,226,NA
2019-12-16,0,7.826666666666666,288,NA
2019-12-17,14.80509814133579,5.1883333333333335,258,NA
2019-12-18,12.094886027152366,6.8549999999999995,261,NA
2019-12-19,0.21498969321864325,7.953333333333333,218,NA
2019-12-20,0,7.347,216,NA
2019-12-21,0,10.358333333333333,209,NA
2019-12-22,0,18.946666666666665,222,NA
2019-12-23,0,19.24,240,NA
2019-12-24,0,9.62,210,NA
2019-12-25,0,10.889999999999999,215,NA
2019-12-26,0,16.948333333333334,236,NA
2019-12-27,0,9.913333333333332,223,NA
2019-12-28,0,12.828333333333333,243,NA
2019-12-29,0,12.14,234,NA
2019-12-30,15.924261257404757,3.1816666666666666,242,NA
