"STATION","NAME","DATE","TMAX","TMIN"
"USW00094728","NY CITY CENTRAL PARK, NY US","2016-01-01","42","34"
"USW00094728","NY CITY CENTRAL PARK, NY US","2016-01-02","40","32"
"USW00094728","NY CITY CENTRAL PARK, NY US","2016-01-03","45","35"
"USW00094728","NY CITY CENTRAL PARK, NY US","2016-01-04","36","14"
"USW00094728","NY CITY CENTRAL PARK, NY US","2016-01-05","29","11"
"USW00094728","NY CITY CENTRAL PARK, NY US","2016-01-06","41","25"
"USW00094728","NY CITY CENTRAL PARK, NY US","2016-01-07","46","31"
"USW00094728","NY CITY CENTRAL PARK, NY US","2016-01-08","46","31"
"USW00094728","NY CITY CENTRAL PARK, NY US","2016-01-09","47","40"
"USW00094728","NY CITY CENTRAL PARK, NY US","2016-01-10","59","40"
"USW00094728","NY CITY CENTRAL PARK, NY US","2016-01-11","40","26"
"USW00094728","NY CITY CENTRAL PARK, NY US","2016-01-12","44","25"
"USW00094728","NY CITY CENTRAL PARK, NY US","2016-01-13","30","22"
"USW00094728","NY CITY CENTRAL PARK, NY US","2016-01-14","38","22"
"USW00094728","NY CITY CENTRAL PARK, NY US","2016-01-15","51","34"
"USW00094728","NY CITY CENTRAL PARK, NY US","2016-01-16","52","42"
"USW00094728","NY CITY CENTRAL PARK, NY US","2016-01-17","42","30"
"USW00094728","NY CITY CENTRAL PARK, NY US","2016-01-18","31","18"
"USW00094728","NY CITY CENTRAL PARK, NY US","2016-01-19","28","16"
"USW00094728","NY CITY CENTRAL PARK, NY US","2016-01-20","37","27"
"USW00094728","NY CITY CENTRAL PARK, NY US","2016-01-21","36","26"
"USW00094728","NY CITY CENTRAL PARK, NY US","2016-01-22","30","21"
"USW00094728","NY CITY CENTRAL PARK, NY US","2016-01-23","27","24"
"USW00094728","NY CITY CENTRAL PARK, NY US","2016-01-24","35","20"
"USW00094728","NY CITY CENTRAL PARK, NY US","2016-01-25","39","28"
"USW00094728","NY CITY CENTRAL PARK, NY US","2016-01-26","48","38"
"USW00094728","NY CITY CENTRAL PARK, NY US","2016-01-27","47","34"
"USW00094728","NY CITY CENTRAL PARK, NY US","2016-01-28","42","32"
"USW00094728","NY CITY CENTRAL PARK, NY US","2016-01-29","41","30"
"USW00094728","NY CITY CENTRAL PARK, NY US","2016-01-30","39","28"
"USW00094728","NY CITY CENTRAL PARK, NY US","2016-01-31","56","36"
"USW00094728","NY CITY CENTRAL PARK, NY US","2016-02-01","59","44"
"USW00094728","NY CITY CENTRAL PARK, NY US","2016-02-02","50","38"
"USW00094728","NY CITY CENTRAL PARK, NY US","2016-02-03","59","42"
"USW00094728","NY CITY CENTRAL PARK, NY US","2016-02-04","59","44"
"USW00094728","NY CITY CENTRAL PARK, NY US","2016-02-05","44","31"
"USW00094728","NY CITY CENTRAL PARK, NY US","2016-02-06","40","30"
"USW00094728","NY CITY CENTRAL PARK, NY US","2016-02-07","47","33"
"USW00094728","NY CITY CENTRAL PARK, NY US","2016-02-08","39","28"
"USW00094728","NY CITY CENTRAL PARK, NY US","2016-02-09","36","27"
"USW00094728","NY CITY CENTRAL PARK, NY US","2016-02-10","39","31"
"USW00094728","NY CITY CENTRAL PARK, NY US","2016-02-11","31","18"
"USW00094728","NY CITY CENTRAL PARK, NY US","2016-02-12","27","15"
"USW00094728","NY CITY CENTRAL PARK, NY US","2016-02-13","22","6"
"USW00094728","NY CITY CENTRAL PARK, NY US","2016-02-14","15","-1"
"USW00094728","NY CITY CENTRAL PARK, NY US","2016-02-15","35","13"
"USW00094728","NY CITY CENTRAL PARK, NY US","2016-02-16","54","35"
"USW00094728","NY CITY CENTRAL PARK, NY US","2016-02-17","39","35"
"USW00094728","NY CITY CENTRAL PARK, NY US","2016-02-18","36","27"
"USW00094728","NY CITY CENTRAL PARK, NY US","2016-02-19","39","24"
"USW00094728","NY CITY CENTRAL PARK, NY US","2016-02-20","61","39"
"USW00094728","NY CITY CENTRAL PARK, NY US","2016-02-21","55","44"
"USW00094728","NY CITY CENTRAL PARK, NY US","2016-02-22","52","38"
"USW00094728","NY CITY CENTRAL PARK, NY US","2016-02-23","40","35"
"USW00094728","NY CITY CENTRAL PARK, NY US","2016-02-24","60","36"
"USW00094728","NY CITY CENTRAL PARK, NY US","2016-02-25","61","37"
"USW00094728","NY CITY CENTRAL PARK, NY US","2016-02-26","39","27"
"USW00094728","NY CITY CENTRAL PARK, NY US","2016-02-27","41","26"
"USW00094728","NY CITY CENTRAL PARK, NY US","2016-02-28","60","38"
"USW00094728","NY CITY CENTRAL PARK, NY US","2016-02-29","61","47"
"USW00094728","NY CITY CENTRAL PARK, NY US","2016-03-01","52","39"
"USW00094728","NY CITY CENTRAL PARK, NY US","2016-03-02","55","29"
"USW00094728","NY CITY CENTRAL PARK, NY US","2016-03-03","36","26"
"USW00094728","NY CITY CENTRAL PARK, NY US","2016-03-04","39","30"
"USW00094728","NY CITY CENTRAL PARK, NY US","2016-03-05","41","28"
"USW00094728","NY CITY CENTRAL PARK, NY US","2016-03-06","44","32"
"USW00094728","NY CITY CENTRAL PARK, NY US","2016-03-07","60","36"
"USW00094728","NY CITY CENTRAL PARK, NY US","2016-03-08","67","47"
"USW00094728","NY CITY CENTRAL PARK, NY US","2016-03-09","77","44"
"USW00094728","NY CITY CENTRAL PARK, NY US","2016-03-10","79","63"
"USW00094728","NY CITY CENTRAL PARK, NY US","2016-03-11","68","48"
"USW00094728","NY CITY CENTRAL PARK, NY US","2016-03-12","59","40"
"USW00094728","NY CITY CENTRAL PARK, NY US","2016-03-13","62","50"
"USW00094728","NY CITY CENTRAL PARK, NY US","2016-03-14","51","40"
"USW00094728","NY CITY CENTRAL PARK, NY US","2016-03-15","57","44"
"USW00094728","NY CITY CENTRAL PARK, NY US","2016-03-16","65","48"
"USW00094728","NY CITY CENTRAL PARK, NY US","2016-03-17","63","45"
"USW00094728","NY CITY CENTRAL PARK, NY US","2016-03-18","57","42"
"USW00094728","NY CITY CENTRAL PARK, NY US","2016-03-19","46","36"
"USW00094728","NY CITY CENTRAL PARK, NY US","2016-03-20","43","32"
"USW00094728","NY CITY CENTRAL PARK, NY US","2016-03-21","50","32"
"USW00094728","NY CITY CENTRAL PARK, NY US","2016-03-22","56","35"
"USW00094728","NY CITY CENTRAL PARK, NY US","2016-03-23","71","48"
"USW00094728","NY CITY CENTRAL PARK, NY US","2016-03-24","55","44"
"USW00094728","NY CITY CENTRAL PARK, NY US","2016-03-25","72","44"
"USW00094728","NY CITY CENTRAL PARK, NY US","2016-03-26","55","38"
"USW00094728","NY CITY CENTRAL PARK, NY US","2016-03-27","55","43"
"USW00094728","NY CITY CENTRAL PARK, NY US","2016-03-28","62","42"
"USW00094728","NY CITY CENTRAL PARK, NY US","2016-03-29","53","40"
"USW00094728","NY CITY CENTRAL PARK, NY US","2016-03-30","56","37"
"USW00094728","NY CITY CENTRAL PARK, NY US","2016-03-31","73","49"
"USW00094728","NY CITY CENTRAL PARK, NY US","2016-04-01","79","61"
"USW00094728","NY CITY CENTRAL PARK, NY US","2016-04-02","61","49"
"USW00094728","NY CITY CENTRAL PARK, NY US","2016-04-03","50","34"
"USW00094728","NY CITY CENTRAL PARK, NY US","2016-04-04","45","29"
"USW00094728","NY CITY CENTRAL PARK, NY US","2016-04-05","43","26"
"USW00094728","NY CITY CENTRAL PARK, NY US","2016-04-06","48","30"
"USW00094728","NY CITY CENTRAL PARK, NY US","2016-04-07","58","48"
"USW00094728","NY CITY CENTRAL PARK, NY US","2016-04-08","50","40"
"USW00094728","NY CITY CENTRAL PARK, NY US","2016-04-09","43","36"
"USW00094728","NY CITY CENTRAL PARK, NY US","2016-04-10","50","31"
"USW00094728","NY CITY CENTRAL PARK, NY US","2016-04-11","65","43"
"USW00094728","NY CITY CENTRAL PARK, NY US","2016-04-12","59","45"
"USW00094728","NY CITY CENTRAL PARK, NY US","2016-04-13","58","40"
"USW00094728","NY CITY CENTRAL PARK, NY US","2016-04-14","62","43"
"USW00094728","NY CITY CENTRAL PARK, NY US","2016-04-15","65","42"
"USW00094728","NY CITY CENTRAL PARK, NY US","2016-04-16","68","43"
"USW00094728","NY CITY CENTRAL PARK, NY US","2016-04-17","75","44"
"USW00094728","NY CITY CENTRAL PARK, NY US","2016-04-18","82","51"
"USW00094728","NY CITY CENTRAL PARK, NY US","2016-04-19","73","55"
"USW00094728","NY CITY CENTRAL PARK, NY US","2016-04-20","69","49"
"USW00094728","NY CITY CENTRAL PARK, NY US","2016-04-21","73","49"
"USW00094728","NY CITY CENTRAL PARK, NY US","2016-04-22","79","62"
"USW00094728","NY CITY CENTRAL PARK, NY US","2016-04-23","71","54"
"USW00094728","NY CITY CENTRAL PARK, NY US","2016-04-24","68","47"
"USW00094728","NY CITY CENTRAL PARK, NY US","2016-04-25","69","50"
"USW00094728","NY CITY CENTRAL PARK, NY US","2016-04-26","60","47"
"USW00094728","NY CITY CENTRAL PARK, NY US","2016-04-27","62","46"
"USW00094728","NY CITY CENTRAL PARK, NY US","2016-04-28","59","48"
"USW00094728","NY CITY CENTRAL PARK, NY US","2016-04-29","58","45"
"USW00094728","NY CITY CENTRAL PARK, NY US","2016-04-30","65","46"
"USW00094728","NY CITY CENTRAL PARK, NY US","2016-05-01","51","45"
"USW00094728","NY CITY CENTRAL PARK, NY US","2016-05-02","60","45"
"USW00094728","NY CITY CENTRAL PARK, NY US","2016-05-03","56","51"
"USW00094728","NY CITY CENTRAL PARK, NY US","2016-05-04","52","48"
"USW00094728","NY CITY CENTRAL PARK, NY US","2016-05-05","57","46"
"USW00094728","NY CITY CENTRAL PARK, NY US","2016-05-06","54","48"
"USW00094728","NY CITY CENTRAL PARK, NY US","2016-05-07","60","48"
"USW00094728","NY CITY CENTRAL PARK, NY US","2016-05-08","66","49"
"USW00094728","NY CITY CENTRAL PARK, NY US","2016-05-09","72","52"
"USW00094728","NY CITY CENTRAL PARK, NY US","2016-05-10","63","50"
"USW00094728","NY CITY CENTRAL PARK, NY US","2016-05-11","76","50"
"USW00094728","NY CITY CENTRAL PARK, NY US","2016-05-12","80","56"
"USW00094728","NY CITY CENTRAL PARK, NY US","2016-05-13","65","57"
"USW00094728","NY CITY CENTRAL PARK, NY US","2016-05-14","73","56"
"USW00094728","NY CITY CENTRAL PARK, NY US","2016-05-15","59","46"
"USW00094728","NY CITY CENTRAL PARK, NY US","2016-05-16","66","43"
"USW00094728","NY CITY CENTRAL PARK, NY US","2016-05-17","64","52"
"USW00094728","NY CITY CENTRAL PARK, NY US","2016-05-18","68","52"
"USW00094728","NY CITY CENTRAL PARK, NY US","2016-05-19","73","54"
"USW00094728","NY CITY CENTRAL PARK, NY US","2016-05-20","76","53"
"USW00094728","NY CITY CENTRAL PARK, NY US","2016-05-21","66","54"
"USW00094728","NY CITY CENTRAL PARK, NY US","2016-05-22","70","52"
"USW00094728","NY CITY CENTRAL PARK, NY US","2016-05-23","78","56"
"USW00094728","NY CITY CENTRAL PARK, NY US","2016-05-24","73","58"
"USW00094728","NY CITY CENTRAL PARK, NY US","2016-05-25","88","61"
"USW00094728","NY CITY CENTRAL PARK, NY US","2016-05-26","90","69"
"USW00094728","NY CITY CENTRAL PARK, NY US","2016-05-27","87","73"
"USW00094728","NY CITY CENTRAL PARK, NY US","2016-05-28","92","71"
"USW00094728","NY CITY CENTRAL PARK, NY US","2016-05-29","87","70"
"USW00094728","NY CITY CENTRAL PARK, NY US","2016-05-30","82","68"
"USW00094728","NY CITY CENTRAL PARK, NY US","2016-05-31","85","71"
"USW00094728","NY CITY CENTRAL PARK, NY US","2016-06-01","83","66"
"USW00094728","NY CITY CENTRAL PARK, NY US","2016-06-02","78","62"
"USW00094728","NY CITY CENTRAL PARK, NY US","2016-06-03","70","63"
"USW00094728","NY CITY CENTRAL PARK, NY US","2016-06-04","83","66"
"USW00094728","NY CITY CENTRAL PARK, NY US","2016-06-05","71","65"
"USW00094728","NY CITY CENTRAL PARK, NY US","2016-06-06","83","65"
"USW00094728","NY CITY CENTRAL PARK, NY US","2016-06-07","85","64"
"USW00094728","NY CITY CENTRAL PARK, NY US","2016-06-08","67","52"
"USW00094728","NY CITY CENTRAL PARK, NY US","2016-06-09","71","54"
"USW00094728","NY CITY CENTRAL PARK, NY US","2016-06-10","77","57"
"USW00094728","NY CITY CENTRAL PARK, NY US","2016-06-11","88","59"
"USW00094728","NY CITY CENTRAL PARK, NY US","2016-06-12","83","62"
"USW00094728","NY CITY CENTRAL PARK, NY US","2016-06-13","74","57"
"USW00094728","NY CITY CENTRAL PARK, NY US","2016-06-14","79","58"
"USW00094728","NY CITY CENTRAL PARK, NY US","2016-06-15","85","62"
"USW00094728","NY CITY CENTRAL PARK, NY US","2016-06-16","74","65"
"USW00094728","NY CITY CENTRAL PARK, NY US","2016-06-17","78","63"
"USW00094728","NY CITY CENTRAL PARK, NY US","2016-06-18","87","61"
"USW00094728","NY CITY CENTRAL PARK, NY US","2016-06-19","88","66"
"USW00094728","NY CITY CENTRAL PARK, NY US","2016-06-20","84","64"
"USW00094728","NY CITY CENTRAL PARK, NY US","2016-06-21","87","72"
"USW00094728","NY CITY CENTRAL PARK, NY US","2016-06-22","86","68"
"USW00094728","NY CITY CENTRAL PARK, NY US","2016-06-23","83","69"
"USW00094728","NY CITY CENTRAL PARK, NY US","2016-06-24","84","67"
"USW00094728","NY CITY CENTRAL PARK, NY US","2016-06-25","86","64"
"USW00094728","NY CITY CENTRAL PARK, NY US","2016-06-26","87","67"
"USW00094728","NY CITY CENTRAL PARK, NY US","2016-06-27","83","67"
"USW00094728","NY CITY CENTRAL PARK, NY US","2016-06-28","76","68"
"USW00094728","NY CITY CENTRAL PARK, NY US","2016-06-29","83","67"
"USW00094728","NY CITY CENTRAL PARK, NY US","2016-06-30","85","67"
"USW00094728","NY CITY CENTRAL PARK, NY US","2016-07-01","79","66"
"USW00094728","NY CITY CENTRAL PARK, NY US","2016-07-02","76","63"
"USW00094728","NY CITY CENTRAL PARK, NY US","2016-07-03","78","64"
"USW00094728","NY CITY CENTRAL PARK, NY US","2016-07-04","84","66"
"USW00094728","NY CITY CENTRAL PARK, NY US","2016-07-05","86","69"
"USW00094728","NY CITY CENTRAL PARK, NY US","2016-07-06","91","75"
"USW00094728","NY CITY CENTRAL PARK, NY US","2016-07-07","89","77"
"USW00094728","NY CITY CENTRAL PARK, NY US","2016-07-08","86","67"
"USW00094728","NY CITY CENTRAL PARK, NY US","2016-07-09","72","65"
"USW00094728","NY CITY CENTRAL PARK, NY US","2016-07-10","80","66"
"USW00094728","NY CITY CENTRAL PARK, NY US","2016-07-11","81","65"
"USW00094728","NY CITY CENTRAL PARK, NY US","2016-07-12","82","68"
"USW00094728","NY CITY CENTRAL PARK, NY US","2016-07-13","85","71"
"USW00094728","NY CITY CENTRAL PARK, NY US","2016-07-14","88","73"
"USW00094728","NY CITY CENTRAL PARK, NY US","2016-07-15","88","79"
"USW00094728","NY CITY CENTRAL PARK, NY US","2016-07-16","90","75"
"USW00094728","NY CITY CENTRAL PARK, NY US","2016-07-17","89","75"
"USW00094728","NY CITY CENTRAL PARK, NY US","2016-07-18","93","72"
"USW00094728","NY CITY CENTRAL PARK, NY US","2016-07-19","83","73"
"USW00094728","NY CITY CENTRAL PARK, NY US","2016-07-20","85","68"
"USW00094728","NY CITY CENTRAL PARK, NY US","2016-07-21","90","71"
"USW00094728","NY CITY CENTRAL PARK, NY US","2016-07-22","94","74"
"USW00094728","NY CITY CENTRAL PARK, NY US","2016-07-23","96","80"
"USW00094728","NY CITY CENTRAL PARK, NY US","2016-07-24","94","75"
"USW00094728","NY CITY CENTRAL PARK, NY US","2016-07-25","93","73"
"USW00094728","NY CITY CENTRAL PARK, NY US","2016-07-26","89","72"
"USW00094728","NY CITY CENTRAL PARK, NY US","2016-07-27","91","74"
"USW00094728","NY CITY CENTRAL PARK, NY US","2016-07-28","95","75"
"USW00094728","NY CITY CENTRAL PARK, NY US","2016-07-29","85","69"
"USW00094728","NY CITY CENTRAL PARK, NY US","2016-07-30","84","73"
"USW00094728","NY CITY CENTRAL PARK, NY US","2016-07-31","78","71"
"USW00094728","NY CITY CENTRAL PARK, NY US","2016-08-01","80","69"
"USW00094728","NY CITY CENTRAL PARK, NY US","2016-08-02","79","68"
"USW00094728","NY CITY CENTRAL PARK, NY US","2016-08-03","80","66"
"USW00094728","NY CITY CENTRAL PARK, NY US","2016-08-04","81","67"
"USW00094728","NY CITY CENTRAL PARK, NY US","2016-08-05","83","69"
"USW00094728","NY CITY CENTRAL PARK, NY US","2016-08-06","87","72"
"USW00094728","NY CITY CENTRAL PARK, NY US","2016-08-07","86","70"
"USW00094728","NY CITY CENTRAL PARK, NY US","2016-08-08","86","71"
"USW00094728","NY CITY CENTRAL PARK, NY US","2016-08-09","87","71"
"USW00094728","NY CITY CENTRAL PARK, NY US","2016-08-10","86","75"
"USW00094728","NY CITY CENTRAL PARK, NY US","2016-08-11","91","74"
"USW00094728","NY CITY CENTRAL PARK, NY US","2016-08-12","93","73"
"USW00094728","NY CITY CENTRAL PARK, NY US","2016-08-13","96","81"
"USW00094728","NY CITY CENTRAL PARK, NY US","2016-08-14","94","78"
"USW00094728","NY CITY CENTRAL PARK, NY US","2016-08-15","92","77"
"USW00094728","NY CITY CENTRAL PARK, NY US","2016-08-16","87","78"
"USW00094728","NY CITY CENTRAL PARK, NY US","2016-08-17","85","77"
"USW00094728","NY CITY CENTRAL PARK, NY US","2016-08-18","85","72"
"USW00094728","NY CITY CENTRAL PARK, NY US","2016-08-19","88","74"
"USW00094728","NY CITY CENTRAL PARK, NY US","2016-08-20","83","70"
"USW00094728","NY CITY CENTRAL PARK, NY US","2016-08-21","86","73"
"USW00094728","NY CITY CENTRAL PARK, NY US","2016-08-22","79","65"
"USW00094728","NY CITY CENTRAL PARK, NY US","2016-08-23","82","61"
"USW00094728","NY CITY CENTRAL PARK, NY US","2016-08-24","88","68"
"USW00094728","NY CITY CENTRAL PARK, NY US","2016-08-25","86","69"
"USW00094728","NY CITY CENTRAL PARK, NY US","2016-08-26","90","75"
"USW00094728","NY CITY CENTRAL PARK, NY US","2016-08-27","89","73"
"USW00094728","NY CITY CENTRAL PARK, NY US","2016-08-28","89","72"
"USW00094728","NY CITY CENTRAL PARK, NY US","2016-08-29","91","74"
"USW00094728","NY CITY CENTRAL PARK, NY US","2016-08-30","86","69"
"USW00094728","NY CITY CENTRAL PARK, NY US","2016-08-31","89","74"
"USW00094728","NY CITY CENTRAL PARK, NY US","2016-09-01","79","69"
"USW00094728","NY CITY CENTRAL PARK, NY US","2016-09-02","81","66"
"USW00094728","NY CITY CENTRAL PARK, NY US","2016-09-03","75","66"
"USW00094728","NY CITY CENTRAL PARK, NY US","2016-09-04","80","65"
"USW00094728","NY CITY CENTRAL PARK, NY US","2016-09-05","84","65"
"USW00094728","NY CITY CENTRAL PARK, NY US","2016-09-06","80","71"
"USW00094728","NY CITY CENTRAL PARK, NY US","2016-09-07","85","71"
"USW00094728","NY CITY CENTRAL PARK, NY US","2016-09-08","89","71"
"USW00094728","NY CITY CENTRAL PARK, NY US","2016-09-09","91","75"
"USW00094728","NY CITY CENTRAL PARK, NY US","2016-09-10","90","74"
"USW00094728","NY CITY CENTRAL PARK, NY US","2016-09-11","83","67"
"USW00094728","NY CITY CENTRAL PARK, NY US","2016-09-12","78","62"
"USW00094728","NY CITY CENTRAL PARK, NY US","2016-09-13","83","64"
"USW00094728","NY CITY CENTRAL PARK, NY US","2016-09-14","91","67"
"USW00094728","NY CITY CENTRAL PARK, NY US","2016-09-15","74","61"
"USW00094728","NY CITY CENTRAL PARK, NY US","2016-09-16","73","61"
"USW00094728","NY CITY CENTRAL PARK, NY US","2016-09-17","77","59"
"USW00094728","NY CITY CENTRAL PARK, NY US","2016-09-18","82","70"
"USW00094728","NY CITY CENTRAL PARK, NY US","2016-09-19","76","69"
"USW00094728","NY CITY CENTRAL PARK, NY US","2016-09-20","82","68"
"USW00094728","NY CITY CENTRAL PARK, NY US","2016-09-21","84","68"
"USW00094728","NY CITY CENTRAL PARK, NY US","2016-09-22","86","65"
"USW00094728","NY CITY CENTRAL PARK, NY US","2016-09-23","87","64"
"USW00094728","NY CITY CENTRAL PARK, NY US","2016-09-24","71","58"
"USW00094728","NY CITY CENTRAL PARK, NY US","2016-09-25","70","54"
"USW00094728","NY CITY CENTRAL PARK, NY US","2016-09-26","74","54"
"USW00094728","NY CITY CENTRAL PARK, NY US","2016-09-27","74","64"
"USW00094728","NY CITY CENTRAL PARK, NY US","2016-09-28","69","56"
"USW00094728","NY CITY CENTRAL PARK, NY US","2016-09-29","64","57"
"USW00094728","NY CITY CENTRAL PARK, NY US","2016-09-30","59","56"
"USW00094728","NY CITY CENTRAL PARK, NY US","2016-10-01","62","56"
"USW00094728","NY CITY CENTRAL PARK, NY US","2016-10-02","63","57"
"USW00094728","NY CITY CENTRAL PARK, NY US","2016-10-03","72","60"
"USW00094728","NY CITY CENTRAL PARK, NY US","2016-10-04","69","60"
"USW00094728","NY CITY CENTRAL PARK, NY US","2016-10-05","67","53"
"USW00094728","NY CITY CENTRAL PARK, NY US","2016-10-06","73","55"
"USW00094728","NY CITY CENTRAL PARK, NY US","2016-10-07","75","57"
"USW00094728","NY CITY CENTRAL PARK, NY US","2016-10-08","68","58"
"USW00094728","NY CITY CENTRAL PARK, NY US","2016-10-09","65","51"
"USW00094728","NY CITY CENTRAL PARK, NY US","2016-10-10","64","47"
"USW00094728","NY CITY CENTRAL PARK, NY US","2016-10-11","63","46"
"USW00094728","NY CITY CENTRAL PARK, NY US","2016-10-12","66","53"
"USW00094728","NY CITY CENTRAL PARK, NY US","2016-10-13","67","53"
"USW00094728","NY CITY CENTRAL PARK, NY US","2016-10-14","62","47"
"USW00094728","NY CITY CENTRAL PARK, NY US","2016-10-15","65","45"
"USW00094728","NY CITY CENTRAL PARK, NY US","2016-10-16","69","53"
"USW00094728","NY CITY CENTRAL PARK, NY US","2016-10-17","81","63"
"USW00094728","NY CITY CENTRAL PARK, NY US","2016-10-18","81","67"
"USW00094728","NY CITY CENTRAL PARK, NY US","2016-10-19","85","65"
"USW00094728","NY CITY CENTRAL PARK, NY US","2016-10-20","70","62"
"USW00094728","NY CITY CENTRAL PARK, NY US","2016-10-21","69","57"
"USW00094728","NY CITY CENTRAL PARK, NY US","2016-10-22","57","47"
"USW00094728","NY CITY CENTRAL PARK, NY US","2016-10-23","61","45"
"USW00094728","NY CITY CENTRAL PARK, NY US","2016-10-24","62","47"
"USW00094728","NY CITY CENTRAL PARK, NY US","2016-10-25","52","43"
"USW00094728","NY CITY CENTRAL PARK, NY US","2016-10-26","51","38"
"USW00094728","NY CITY CENTRAL PARK, NY US","2016-10-27","55","40"
"USW00094728","NY CITY CENTRAL PARK, NY US","2016-10-28","51","42"
"USW00094728","NY CITY CENTRAL PARK, NY US","2016-10-29","64","39"
"USW00094728","NY CITY CENTRAL PARK, NY US","2016-10-30","76","54"
"USW00094728","NY CITY CENTRAL PARK, NY US","2016-10-31","54","44"
"USW00094728","NY CITY CENTRAL PARK, NY US","2016-11-01","58","40"
"USW00094728","NY CITY CENTRAL PARK, NY US","2016-11-02","70","54"
"USW00094728","NY CITY CENTRAL PARK, NY US","2016-11-03","72","57"
"USW00094728","NY CITY CENTRAL PARK, NY US","2016-11-04","61","47"
"USW00094728","NY CITY CENTRAL PARK, NY US","2016-11-05","62","44"
"USW00094728","NY CITY CENTRAL PARK, NY US","2016-11-06","59","45"
"USW00094728","NY CITY CENTRAL PARK, NY US","2016-11-07","53","41"
"USW00094728","NY CITY CENTRAL PARK, NY US","2016-11-08","66","41"
"USW00094728","NY CITY CENTRAL PARK, NY US","2016-11-09","59","49"
"USW00094728","NY CITY CENTRAL PARK, NY US","2016-11-10","56","40"
"USW00094728","NY CITY CENTRAL PARK, NY US","2016-11-11","63","41"
"USW00094728","NY CITY CENTRAL PARK, NY US","2016-11-12","50","37"
"USW00094728","NY CITY CENTRAL PARK, NY US","2016-11-13","61","41"
"USW00094728","NY CITY CENTRAL PARK, NY US","2016-11-14","62","46"
"USW00094728","NY CITY CENTRAL PARK, NY US","2016-11-15","56","47"
"USW00094728","NY CITY CENTRAL PARK, NY US","2016-11-16","61","45"
"USW00094728","NY CITY CENTRAL PARK, NY US","2016-11-17","61","49"
"USW00094728","NY CITY CENTRAL PARK, NY US","2016-11-18","64","44"
"USW00094728","NY CITY CENTRAL PARK, NY US","2016-11-19","63","37"
"USW00094728","NY CITY CENTRAL PARK, NY US","2016-11-20","42","34"
"USW00094728","NY CITY CENTRAL PARK, NY US","2016-11-21","41","36"
"USW00094728","NY CITY CENTRAL PARK, NY US","2016-11-22","41","37"
"USW00094728","NY CITY CENTRAL PARK, NY US","2016-11-23","45","35"
"USW00094728","NY CITY CENTRAL PARK, NY US","2016-11-24","48","38"
"USW00094728","NY CITY CENTRAL PARK, NY US","2016-11-25","54","45"
"USW00094728","NY CITY CENTRAL PARK, NY US","2016-11-26","50","40"
"USW00094728","NY CITY CENTRAL PARK, NY US","2016-11-27","50","39"
"USW00094728","NY CITY CENTRAL PARK, NY US","2016-11-28","52","38"
"USW00094728","NY CITY CENTRAL PARK, NY US","2016-11-29","60","51"
"USW00094728","NY CITY CENTRAL PARK, NY US","2016-11-30","58","50"
"USW00094728","NY CITY CENTRAL PARK, NY US","2016-12-01","54","42"
"USW00094728","NY CITY CENTRAL PARK, NY US","2016-12-02","51","40"
"USW00094728","NY CITY CENTRAL PARK, NY US","2016-12-03","47","41"
"USW00094728","NY CITY CENTRAL PARK, NY US","2016-12-04","47","39"
"USW00094728","NY CITY CENTRAL PARK, NY US","2016-12-05","49","38"
"USW00094728","NY CITY CENTRAL PARK, NY US","2016-12-06","46","37"
"USW00094728","NY CITY CENTRAL PARK, NY US","2016-12-07","46","40"
"USW00094728","NY CITY CENTRAL PARK, NY US","2016-12-08","45","35"
"USW00094728","NY CITY CENTRAL PARK, NY US","2016-12-09","39","29"
"USW00094728","NY CITY CENTRAL PARK, NY US","2016-12-10","35","28"
"USW00094728","NY CITY CENTRAL PARK, NY US","2016-12-11","35","28"
"USW00094728","NY CITY CENTRAL PARK, NY US","2016-12-12","46","34"
"USW00094728","NY CITY CENTRAL PARK, NY US","2016-12-13","43","35"
"USW00094728","NY CITY CENTRAL PARK, NY US","2016-12-14","42","34"
"USW00094728","NY CITY CENTRAL PARK, NY US","2016-12-15","34","19"
"USW00094728","NY CITY CENTRAL PARK, NY US","2016-12-16","27","17"
"USW00094728","NY CITY CENTRAL PARK, NY US","2016-12-17","39","24"
"USW00094728","NY CITY CENTRAL PARK, NY US","2016-12-18","58","31"
"USW00094728","NY CITY CENTRAL PARK, NY US","2016-12-19","31","23"
"USW00094728","NY CITY CENTRAL PARK, NY US","2016-12-20","33","20"
"USW00094728","NY CITY CENTRAL PARK, NY US","2016-12-21","40","30"
"USW00094728","NY CITY CENTRAL PARK, NY US","2016-12-22","49","37"
"USW00094728","NY CITY CENTRAL PARK, NY US","2016-12-23","47","38"
"USW00094728","NY CITY CENTRAL PARK, NY US","2016-12-24","47","38"
"USW00094728","NY CITY CENTRAL PARK, NY US","2016-12-25","50","36"
"USW00094728","NY CITY CENTRAL PARK, NY US","2016-12-26","50","33"
"USW00094728","NY CITY CENTRAL PARK, NY US","2016-12-27","60","40"
"USW00094728","NY CITY CENTRAL PARK, NY US","2016-12-28","40","34"
"USW00094728","NY CITY CENTRAL PARK, NY US","2016-12-29","46","33"
"USW00094728","NY CITY CENTRAL PARK, NY US","2016-12-30","40","33"
"USW00094728","NY CITY CENTRAL PARK, NY US","2016-12-31","44","31"
"USW00094728","NY CITY CENTRAL PARK, NY US","2017-01-01","48","40"
"USW00094728","NY CITY CENTRAL PARK, NY US","2017-01-02","41","37"
"USW00094728","NY CITY CENTRAL PARK, NY US","2017-01-03","43","39"
"USW00094728","NY CITY CENTRAL PARK, NY US","2017-01-04","52","34"
"USW00094728","NY CITY CENTRAL PARK, NY US","2017-01-05","34","27"
"USW00094728","NY CITY CENTRAL PARK, NY US","2017-01-06","33","25"
"USW00094728","NY CITY CENTRAL PARK, NY US","2017-01-07","26","20"
"USW00094728","NY CITY CENTRAL PARK, NY US","2017-01-08","25","16"
"USW00094728","NY CITY CENTRAL PARK, NY US","2017-01-09","23","14"
"USW00094728","NY CITY CENTRAL PARK, NY US","2017-01-10","46","21"
"USW00094728","NY CITY CENTRAL PARK, NY US","2017-01-11","52","42"
"USW00094728","NY CITY CENTRAL PARK, NY US","2017-01-12","66","47"
"USW00094728","NY CITY CENTRAL PARK, NY US","2017-01-13","62","32"
"USW00094728","NY CITY CENTRAL PARK, NY US","2017-01-14","34","28"
"USW00094728","NY CITY CENTRAL PARK, NY US","2017-01-15","38","30"
"USW00094728","NY CITY CENTRAL PARK, NY US","2017-01-16","43","30"
"USW00094728","NY CITY CENTRAL PARK, NY US","2017-01-17","42","38"
"USW00094728","NY CITY CENTRAL PARK, NY US","2017-01-18","41","38"
"USW00094728","NY CITY CENTRAL PARK, NY US","2017-01-19","49","39"
"USW00094728","NY CITY CENTRAL PARK, NY US","2017-01-20","45","40"
"USW00094728","NY CITY CENTRAL PARK, NY US","2017-01-21","49","41"
"USW00094728","NY CITY CENTRAL PARK, NY US","2017-01-22","48","43"
"USW00094728","NY CITY CENTRAL PARK, NY US","2017-01-23","44","36"
"USW00094728","NY CITY CENTRAL PARK, NY US","2017-01-24","38","35"
"USW00094728","NY CITY CENTRAL PARK, NY US","2017-01-25","51","36"
"USW00094728","NY CITY CENTRAL PARK, NY US","2017-01-26","56","43"
"USW00094728","NY CITY CENTRAL PARK, NY US","2017-01-27","43","36"
"USW00094728","NY CITY CENTRAL PARK, NY US","2017-01-28","39","34"
"USW00094728","NY CITY CENTRAL PARK, NY US","2017-01-29","43","35"
"USW00094728","NY CITY CENTRAL PARK, NY US","2017-01-30","37","30"
"USW00094728","NY CITY CENTRAL PARK, NY US","2017-01-31","34","26"
"USW00094728","NY CITY CENTRAL PARK, NY US","2017-02-01","47","33"
"USW00094728","NY CITY CENTRAL PARK, NY US","2017-02-02","45","32"
"USW00094728","NY CITY CENTRAL PARK, NY US","2017-02-03","33","26"
"USW00094728","NY CITY CENTRAL PARK, NY US","2017-02-04","34","22"
"USW00094728","NY CITY CENTRAL PARK, NY US","2017-02-05","43","31"
"USW00094728","NY CITY CENTRAL PARK, NY US","2017-02-06","49","36"
"USW00094728","NY CITY CENTRAL PARK, NY US","2017-02-07","42","36"
"USW00094728","NY CITY CENTRAL PARK, NY US","2017-02-08","62","38"
"USW00094728","NY CITY CENTRAL PARK, NY US","2017-02-09","44","19"
"USW00094728","NY CITY CENTRAL PARK, NY US","2017-02-10","32","19"
"USW00094728","NY CITY CENTRAL PARK, NY US","2017-02-11","48","30"
"USW00094728","NY CITY CENTRAL PARK, NY US","2017-02-12","40","30"
"USW00094728","NY CITY CENTRAL PARK, NY US","2017-02-13","39","31"
"USW00094728","NY CITY CENTRAL PARK, NY US","2017-02-14","41","28"
"USW00094728","NY CITY CENTRAL PARK, NY US","2017-02-15","47","35"
"USW00094728","NY CITY CENTRAL PARK, NY US","2017-02-16","35","28"
"USW00094728","NY CITY CENTRAL PARK, NY US","2017-02-17","41","26"
"USW00094728","NY CITY CENTRAL PARK, NY US","2017-02-18","63","35"
"USW00094728","NY CITY CENTRAL PARK, NY US","2017-02-19","65","53"
"USW00094728","NY CITY CENTRAL PARK, NY US","2017-02-20","55","39"
"USW00094728","NY CITY CENTRAL PARK, NY US","2017-02-21","47","34"
"USW00094728","NY CITY CENTRAL PARK, NY US","2017-02-22","57","42"
"USW00094728","NY CITY CENTRAL PARK, NY US","2017-02-23","65","44"
"USW00094728","NY CITY CENTRAL PARK, NY US","2017-02-24","70","58"
"USW00094728","NY CITY CENTRAL PARK, NY US","2017-02-25","63","44"
"USW00094728","NY CITY CENTRAL PARK, NY US","2017-02-26","44","36"
"USW00094728","NY CITY CENTRAL PARK, NY US","2017-02-27","54","35"
"USW00094728","NY CITY CENTRAL PARK, NY US","2017-02-28","59","47"
"USW00094728","NY CITY CENTRAL PARK, NY US","2017-03-01","70","54"
"USW00094728","NY CITY CENTRAL PARK, NY US","2017-03-02","64","35"
"USW00094728","NY CITY CENTRAL PARK, NY US","2017-03-03","39","24"
"USW00094728","NY CITY CENTRAL PARK, NY US","2017-03-04","30","17"
"USW00094728","NY CITY CENTRAL PARK, NY US","2017-03-05","37","14"
"USW00094728","NY CITY CENTRAL PARK, NY US","2017-03-06","45","26"
"USW00094728","NY CITY CENTRAL PARK, NY US","2017-03-07","56","42"
"USW00094728","NY CITY CENTRAL PARK, NY US","2017-03-08","59","47"
"USW00094728","NY CITY CENTRAL PARK, NY US","2017-03-09","61","47"
"USW00094728","NY CITY CENTRAL PARK, NY US","2017-03-10","47","23"
"USW00094728","NY CITY CENTRAL PARK, NY US","2017-03-11","29","17"
"USW00094728","NY CITY CENTRAL PARK, NY US","2017-03-12","29","19"
"USW00094728","NY CITY CENTRAL PARK, NY US","2017-03-13","36","20"
"USW00094728","NY CITY CENTRAL PARK, NY US","2017-03-14","32","21"
"USW00094728","NY CITY CENTRAL PARK, NY US","2017-03-15","26","20"
"USW00094728","NY CITY CENTRAL PARK, NY US","2017-03-16","39","24"
"USW00094728","NY CITY CENTRAL PARK, NY US","2017-03-17","47","29"
"USW00094728","NY CITY CENTRAL PARK, NY US","2017-03-18","39","34"
"USW00094728","NY CITY CENTRAL PARK, NY US","2017-03-19","47","34"
"USW00094728","NY CITY CENTRAL PARK, NY US","2017-03-20","52","33"
"USW00094728","NY CITY CENTRAL PARK, NY US","2017-03-21","59","42"
"USW00094728","NY CITY CENTRAL PARK, NY US","2017-03-22","50","24"
"USW00094728","NY CITY CENTRAL PARK, NY US","2017-03-23","42","23"
"USW00094728","NY CITY CENTRAL PARK, NY US","2017-03-24","57","36"
"USW00094728","NY CITY CENTRAL PARK, NY US","2017-03-25","62","42"
"USW00094728","NY CITY CENTRAL PARK, NY US","2017-03-26","42","37"
"USW00094728","NY CITY CENTRAL PARK, NY US","2017-03-27","53","37"
"USW00094728","NY CITY CENTRAL PARK, NY US","2017-03-28","46","41"
"USW00094728","NY CITY CENTRAL PARK, NY US","2017-03-29","60","42"
"USW00094728","NY CITY CENTRAL PARK, NY US","2017-03-30","52","38"
"USW00094728","NY CITY CENTRAL PARK, NY US","2017-03-31","43","37"
"USW00094728","NY CITY CENTRAL PARK, NY US","2017-04-01","48","37"
"USW00094728","NY CITY CENTRAL PARK, NY US","2017-04-02","63","40"
"USW00094728","NY CITY CENTRAL PARK, NY US","2017-04-03","63","48"
"USW00094728","NY CITY CENTRAL PARK, NY US","2017-04-04","51","45"
"USW00094728","NY CITY CENTRAL PARK, NY US","2017-04-05","65","45"
"USW00094728","NY CITY CENTRAL PARK, NY US","2017-04-06","53","40"
"USW00094728","NY CITY CENTRAL PARK, NY US","2017-04-07","51","40"
"USW00094728","NY CITY CENTRAL PARK, NY US","2017-04-08","57","40"
"USW00094728","NY CITY CENTRAL PARK, NY US","2017-04-09","67","45"
"USW00094728","NY CITY CENTRAL PARK, NY US","2017-04-10","74","53"
"USW00094728","NY CITY CENTRAL PARK, NY US","2017-04-11","80","61"
"USW00094728","NY CITY CENTRAL PARK, NY US","2017-04-12","76","58"
"USW00094728","NY CITY CENTRAL PARK, NY US","2017-04-13","65","48"
"USW00094728","NY CITY CENTRAL PARK, NY US","2017-04-14","66","48"
"USW00094728","NY CITY CENTRAL PARK, NY US","2017-04-15","65","51"
"USW00094728","NY CITY CENTRAL PARK, NY US","2017-04-16","87","59"
"USW00094728","NY CITY CENTRAL PARK, NY US","2017-04-17","74","58"
"USW00094728","NY CITY CENTRAL PARK, NY US","2017-04-18","65","47"
"USW00094728","NY CITY CENTRAL PARK, NY US","2017-04-19","54","45"
"USW00094728","NY CITY CENTRAL PARK, NY US","2017-04-20","66","50"
"USW00094728","NY CITY CENTRAL PARK, NY US","2017-04-21","53","48"
"USW00094728","NY CITY CENTRAL PARK, NY US","2017-04-22","57","49"
"USW00094728","NY CITY CENTRAL PARK, NY US","2017-04-23","66","46"
"USW00094728","NY CITY CENTRAL PARK, NY US","2017-04-24","60","48"
"USW00094728","NY CITY CENTRAL PARK, NY US","2017-04-25","54","49"
"USW00094728","NY CITY CENTRAL PARK, NY US","2017-04-26","60","53"
"USW00094728","NY CITY CENTRAL PARK, NY US","2017-04-27","70","57"
"USW00094728","NY CITY CENTRAL PARK, NY US","2017-04-28","85","58"
"USW00094728","NY CITY CENTRAL PARK, NY US","2017-04-29","85","64"
"USW00094728","NY CITY CENTRAL PARK, NY US","2017-04-30","67","52"
"USW00094728","NY CITY CENTRAL PARK, NY US","2017-05-01","74","49"
"USW00094728","NY CITY CENTRAL PARK, NY US","2017-05-02","75","62"
"USW00094728","NY CITY CENTRAL PARK, NY US","2017-05-03","65","51"
"USW00094728","NY CITY CENTRAL PARK, NY US","2017-05-04","64","47"
"USW00094728","NY CITY CENTRAL PARK, NY US","2017-05-05","59","51"
"USW00094728","NY CITY CENTRAL PARK, NY US","2017-05-06","67","52"
"USW00094728","NY CITY CENTRAL PARK, NY US","2017-05-07","56","47"
"USW00094728","NY CITY CENTRAL PARK, NY US","2017-05-08","57","44"
"USW00094728","NY CITY CENTRAL PARK, NY US","2017-05-09","63","47"
"USW00094728","NY CITY CENTRAL PARK, NY US","2017-05-10","63","49"
"USW00094728","NY CITY CENTRAL PARK, NY US","2017-05-11","62","51"
"USW00094728","NY CITY CENTRAL PARK, NY US","2017-05-12","65","48"
"USW00094728","NY CITY CENTRAL PARK, NY US","2017-05-13","53","45"
"USW00094728","NY CITY CENTRAL PARK, NY US","2017-05-14","67","46"
"USW00094728","NY CITY CENTRAL PARK, NY US","2017-05-15","68","53"
"USW00094728","NY CITY CENTRAL PARK, NY US","2017-05-16","79","56"
"USW00094728","NY CITY CENTRAL PARK, NY US","2017-05-17","90","65"
"USW00094728","NY CITY CENTRAL PARK, NY US","2017-05-18","92","75"
"USW00094728","NY CITY CENTRAL PARK, NY US","2017-05-19","91","66"
"USW00094728","NY CITY CENTRAL PARK, NY US","2017-05-20","65","55"
"USW00094728","NY CITY CENTRAL PARK, NY US","2017-05-21","69","52"
"USW00094728","NY CITY CENTRAL PARK, NY US","2017-05-22","61","53"
"USW00094728","NY CITY CENTRAL PARK, NY US","2017-05-23","69","56"
"USW00094728","NY CITY CENTRAL PARK, NY US","2017-05-24","69","56"
"USW00094728","NY CITY CENTRAL PARK, NY US","2017-05-25","59","56"
"USW00094728","NY CITY CENTRAL PARK, NY US","2017-05-26","73","56"
"USW00094728","NY CITY CENTRAL PARK, NY US","2017-05-27","71","59"
"USW00094728","NY CITY CENTRAL PARK, NY US","2017-05-28","71","58"
"USW00094728","NY CITY CENTRAL PARK, NY US","2017-05-29","61","56"
"USW00094728","NY CITY CENTRAL PARK, NY US","2017-05-30","60","55"
"USW00094728","NY CITY CENTRAL PARK, NY US","2017-05-31","75","58"
"USW00094728","NY CITY CENTRAL PARK, NY US","2017-06-01","79","59"
"USW00094728","NY CITY CENTRAL PARK, NY US","2017-06-02","76","57"
"USW00094728","NY CITY CENTRAL PARK, NY US","2017-06-03","73","55"
"USW00094728","NY CITY CENTRAL PARK, NY US","2017-06-04","70","56"
"USW00094728","NY CITY CENTRAL PARK, NY US","2017-06-05","67","58"
"USW00094728","NY CITY CENTRAL PARK, NY US","2017-06-06","58","52"
"USW00094728","NY CITY CENTRAL PARK, NY US","2017-06-07","67","51"
"USW00094728","NY CITY CENTRAL PARK, NY US","2017-06-08","69","55"
"USW00094728","NY CITY CENTRAL PARK, NY US","2017-06-09","80","53"
"USW00094728","NY CITY CENTRAL PARK, NY US","2017-06-10","85","66"
"USW00094728","NY CITY CENTRAL PARK, NY US","2017-06-11","90","72"
"USW00094728","NY CITY CENTRAL PARK, NY US","2017-06-12","93","76"
"USW00094728","NY CITY CENTRAL PARK, NY US","2017-06-13","94","77"
"USW00094728","NY CITY CENTRAL PARK, NY US","2017-06-14","84","69"
"USW00094728","NY CITY CENTRAL PARK, NY US","2017-06-15","76","64"
"USW00094728","NY CITY CENTRAL PARK, NY US","2017-06-16","68","63"
"USW00094728","NY CITY CENTRAL PARK, NY US","2017-06-17","74","66"
"USW00094728","NY CITY CENTRAL PARK, NY US","2017-06-18","85","70"
"USW00094728","NY CITY CENTRAL PARK, NY US","2017-06-19","88","70"
"USW00094728","NY CITY CENTRAL PARK, NY US","2017-06-20","83","71"
"USW00094728","NY CITY CENTRAL PARK, NY US","2017-06-21","83","71"
"USW00094728","NY CITY CENTRAL PARK, NY US","2017-06-22","83","68"
"USW00094728","NY CITY CENTRAL PARK, NY US","2017-06-23","83","76"
"USW00094728","NY CITY CENTRAL PARK, NY US","2017-06-24","84","71"
"USW00094728","NY CITY CENTRAL PARK, NY US","2017-06-25","83","68"
"USW00094728","NY CITY CENTRAL PARK, NY US","2017-06-26","79","64"
"USW00094728","NY CITY CENTRAL PARK, NY US","2017-06-27","77","60"
"USW00094728","NY CITY CENTRAL PARK, NY US","2017-06-28","78","61"
"USW00094728","NY CITY CENTRAL PARK, NY US","2017-06-29","82","68"
"USW00094728","NY CITY CENTRAL PARK, NY US","2017-06-30","88","73"
"USW00094728","NY CITY CENTRAL PARK, NY US","2017-07-01","85","71"
"USW00094728","NY CITY CENTRAL PARK, NY US","2017-07-02","87","72"
"USW00094728","NY CITY CENTRAL PARK, NY US","2017-07-03","88","71"
"USW00094728","NY CITY CENTRAL PARK, NY US","2017-07-04","85","70"
"USW00094728","NY CITY CENTRAL PARK, NY US","2017-07-05","85","70"
"USW00094728","NY CITY CENTRAL PARK, NY US","2017-07-06","77","71"
"USW00094728","NY CITY CENTRAL PARK, NY US","2017-07-07","80","68"
"USW00094728","NY CITY CENTRAL PARK, NY US","2017-07-08","84","69"
"USW00094728","NY CITY CENTRAL PARK, NY US","2017-07-09","81","67"
"USW00094728","NY CITY CENTRAL PARK, NY US","2017-07-10","84","68"
"USW00094728","NY CITY CENTRAL PARK, NY US","2017-07-11","85","75"
"USW00094728","NY CITY CENTRAL PARK, NY US","2017-07-12","88","77"
"USW00094728","NY CITY CENTRAL PARK, NY US","2017-07-13","90","73"
"USW00094728","NY CITY CENTRAL PARK, NY US","2017-07-14","73","65"
"USW00094728","NY CITY CENTRAL PARK, NY US","2017-07-15","84","68"
"USW00094728","NY CITY CENTRAL PARK, NY US","2017-07-16","87","68"
"USW00094728","NY CITY CENTRAL PARK, NY US","2017-07-17","85","73"
"USW00094728","NY CITY CENTRAL PARK, NY US","2017-07-18","88","73"
"USW00094728","NY CITY CENTRAL PARK, NY US","2017-07-19","92","77"
"USW00094728","NY CITY CENTRAL PARK, NY US","2017-07-20","94","77"
"USW00094728","NY CITY CENTRAL PARK, NY US","2017-07-21","92","76"
"USW00094728","NY CITY CENTRAL PARK, NY US","2017-07-22","92","71"
"USW00094728","NY CITY CENTRAL PARK, NY US","2017-07-23","79","71"
"USW00094728","NY CITY CENTRAL PARK, NY US","2017-07-24","73","63"
"USW00094728","NY CITY CENTRAL PARK, NY US","2017-07-25","71","62"
"USW00094728","NY CITY CENTRAL PARK, NY US","2017-07-26","77","65"
"USW00094728","NY CITY CENTRAL PARK, NY US","2017-07-27","78","65"
"USW00094728","NY CITY CENTRAL PARK, NY US","2017-07-28","85","71"
"USW00094728","NY CITY CENTRAL PARK, NY US","2017-07-29","77","67"
"USW00094728","NY CITY CENTRAL PARK, NY US","2017-07-30","82","64"
"USW00094728","NY CITY CENTRAL PARK, NY US","2017-07-31","88","66"
"USW00094728","NY CITY CENTRAL PARK, NY US","2017-08-01","92","71"
"USW00094728","NY CITY CENTRAL PARK, NY US","2017-08-02","86","69"
"USW00094728","NY CITY CENTRAL PARK, NY US","2017-08-03","87","68"
"USW00094728","NY CITY CENTRAL PARK, NY US","2017-08-04","84","69"
"USW00094728","NY CITY CENTRAL PARK, NY US","2017-08-05","78","69"
"USW00094728","NY CITY CENTRAL PARK, NY US","2017-08-06","76","64"
"USW00094728","NY CITY CENTRAL PARK, NY US","2017-08-07","71","64"
"USW00094728","NY CITY CENTRAL PARK, NY US","2017-08-08","78","65"
"USW00094728","NY CITY CENTRAL PARK, NY US","2017-08-09","85","64"
"USW00094728","NY CITY CENTRAL PARK, NY US","2017-08-10","83","68"
"USW00094728","NY CITY CENTRAL PARK, NY US","2017-08-11","82","69"
"USW00094728","NY CITY CENTRAL PARK, NY US","2017-08-12","77","64"
"USW00094728","NY CITY CENTRAL PARK, NY US","2017-08-13","83","71"
"USW00094728","NY CITY CENTRAL PARK, NY US","2017-08-14","80","70"
"USW00094728","NY CITY CENTRAL PARK, NY US","2017-08-15","74","68"
"USW00094728","NY CITY CENTRAL PARK, NY US","2017-08-16","87","70"
"USW00094728","NY CITY CENTRAL PARK, NY US","2017-08-17","83","69"
"USW00094728","NY CITY CENTRAL PARK, NY US","2017-08-18","82","73"
"USW00094728","NY CITY CENTRAL PARK, NY US","2017-08-19","86","73"
"USW00094728","NY CITY CENTRAL PARK, NY US","2017-08-20","81","69"
"USW00094728","NY CITY CENTRAL PARK, NY US","2017-08-21","87","71"
"USW00094728","NY CITY CENTRAL PARK, NY US","2017-08-22","89","72"
"USW00094728","NY CITY CENTRAL PARK, NY US","2017-08-23","81","70"
"USW00094728","NY CITY CENTRAL PARK, NY US","2017-08-24","80","65"
"USW00094728","NY CITY CENTRAL PARK, NY US","2017-08-25","78","63"
"USW00094728","NY CITY CENTRAL PARK, NY US","2017-08-26","78","62"
"USW00094728","NY CITY CENTRAL PARK, NY US","2017-08-27","78","63"
"USW00094728","NY CITY CENTRAL PARK, NY US","2017-08-28","76","63"
"USW00094728","NY CITY CENTRAL PARK, NY US","2017-08-29","68","61"
"USW00094728","NY CITY CENTRAL PARK, NY US","2017-08-30","78","60"
"USW00094728","NY CITY CENTRAL PARK, NY US","2017-08-31","81","64"
"USW00094728","NY CITY CENTRAL PARK, NY US","2017-09-01","71","55"
"USW00094728","NY CITY CENTRAL PARK, NY US","2017-09-02","68","54"
"USW00094728","NY CITY CENTRAL PARK, NY US","2017-09-03","69","59"
"USW00094728","NY CITY CENTRAL PARK, NY US","2017-09-04","80","61"
"USW00094728","NY CITY CENTRAL PARK, NY US","2017-09-05","85","69"
"USW00094728","NY CITY CENTRAL PARK, NY US","2017-09-06","72","61"
"USW00094728","NY CITY CENTRAL PARK, NY US","2017-09-07","71","59"
"USW00094728","NY CITY CENTRAL PARK, NY US","2017-09-08","71","58"
"USW00094728","NY CITY CENTRAL PARK, NY US","2017-09-09","70","55"
"USW00094728","NY CITY CENTRAL PARK, NY US","2017-09-10","72","57"
"USW00094728","NY CITY CENTRAL PARK, NY US","2017-09-11","76","55"
"USW00094728","NY CITY CENTRAL PARK, NY US","2017-09-12","78","59"
"USW00094728","NY CITY CENTRAL PARK, NY US","2017-09-13","83","64"
"USW00094728","NY CITY CENTRAL PARK, NY US","2017-09-14","81","70"
"USW00094728","NY CITY CENTRAL PARK, NY US","2017-09-15","81","67"
"USW00094728","NY CITY CENTRAL PARK, NY US","2017-09-16","82","70"
"USW00094728","NY CITY CENTRAL PARK, NY US","2017-09-17","81","68"
"USW00094728","NY CITY CENTRAL PARK, NY US","2017-09-18","73","68"
"USW00094728","NY CITY CENTRAL PARK, NY US","2017-09-19","78","69"
"USW00094728","NY CITY CENTRAL PARK, NY US","2017-09-20","79","71"
"USW00094728","NY CITY CENTRAL PARK, NY US","2017-09-21","80","71"
"USW00094728","NY CITY CENTRAL PARK, NY US","2017-09-22","82","66"
"USW00094728","NY CITY CENTRAL PARK, NY US","2017-09-23","87","68"
"USW00094728","NY CITY CENTRAL PARK, NY US","2017-09-24","91","69"
"USW00094728","NY CITY CENTRAL PARK, NY US","2017-09-25","88","70"
"USW00094728","NY CITY CENTRAL PARK, NY US","2017-09-26","84","68"
"USW00094728","NY CITY CENTRAL PARK, NY US","2017-09-27","87","69"
"USW00094728","NY CITY CENTRAL PARK, NY US","2017-09-28","79","59"
"USW00094728","NY CITY CENTRAL PARK, NY US","2017-09-29","68","55"
"USW00094728","NY CITY CENTRAL PARK, NY US","2017-09-30","66","54"
"USW00094728","NY CITY CENTRAL PARK, NY US","2017-10-01","68","50"
"USW00094728","NY CITY CENTRAL PARK, NY US","2017-10-02","73","52"
"USW00094728","NY CITY CENTRAL PARK, NY US","2017-10-03","71","57"
"USW00094728","NY CITY CENTRAL PARK, NY US","2017-10-04","75","56"
"USW00094728","NY CITY CENTRAL PARK, NY US","2017-10-05","83","65"
"USW00094728","NY CITY CENTRAL PARK, NY US","2017-10-06","82","68"
"USW00094728","NY CITY CENTRAL PARK, NY US","2017-10-07","81","66"
"USW00094728","NY CITY CENTRAL PARK, NY US","2017-10-08","77","72"
"USW00094728","NY CITY CENTRAL PARK, NY US","2017-10-09","77","71"
"USW00094728","NY CITY CENTRAL PARK, NY US","2017-10-10","81","66"
"USW00094728","NY CITY CENTRAL PARK, NY US","2017-10-11","77","60"
"USW00094728","NY CITY CENTRAL PARK, NY US","2017-10-12","64","55"
"USW00094728","NY CITY CENTRAL PARK, NY US","2017-10-13","67","52"
"USW00094728","NY CITY CENTRAL PARK, NY US","2017-10-14","72","61"
"USW00094728","NY CITY CENTRAL PARK, NY US","2017-10-15","74","65"
"USW00094728","NY CITY CENTRAL PARK, NY US","2017-10-16","69","46"
"USW00094728","NY CITY CENTRAL PARK, NY US","2017-10-17","58","42"
"USW00094728","NY CITY CENTRAL PARK, NY US","2017-10-18","72","50"
"USW00094728","NY CITY CENTRAL PARK, NY US","2017-10-19","71","56"
"USW00094728","NY CITY CENTRAL PARK, NY US","2017-10-20","73","57"
"USW00094728","NY CITY CENTRAL PARK, NY US","2017-10-21","78","56"
"USW00094728","NY CITY CENTRAL PARK, NY US","2017-10-22","76","57"
"USW00094728","NY CITY CENTRAL PARK, NY US","2017-10-23","74","61"
"USW00094728","NY CITY CENTRAL PARK, NY US","2017-10-24","74","67"
"USW00094728","NY CITY CENTRAL PARK, NY US","2017-10-25","67","57"
"USW00094728","NY CITY CENTRAL PARK, NY US","2017-10-26","58","50"
"USW00094728","NY CITY CENTRAL PARK, NY US","2017-10-27","62","47"
"USW00094728","NY CITY CENTRAL PARK, NY US","2017-10-28","69","55"
"USW00094728","NY CITY CENTRAL PARK, NY US","2017-10-29","67","60"
"USW00094728","NY CITY CENTRAL PARK, NY US","2017-10-30","61","46"
"USW00094728","NY CITY CENTRAL PARK, NY US","2017-10-31","57","45"
"USW00094728","NY CITY CENTRAL PARK, NY US","2017-11-01","59","43"
"USW00094728","NY CITY CENTRAL PARK, NY US","2017-11-02","72","58"
"USW00094728","NY CITY CENTRAL PARK, NY US","2017-11-03","74","51"
"USW00094728","NY CITY CENTRAL PARK, NY US","2017-11-04","56","46"
"USW00094728","NY CITY CENTRAL PARK, NY US","2017-11-05","61","51"
"USW00094728","NY CITY CENTRAL PARK, NY US","2017-11-06","66","46"
"USW00094728","NY CITY CENTRAL PARK, NY US","2017-11-07","49","40"
"USW00094728","NY CITY CENTRAL PARK, NY US","2017-11-08","49","39"
"USW00094728","NY CITY CENTRAL PARK, NY US","2017-11-09","55","39"
"USW00094728","NY CITY CENTRAL PARK, NY US","2017-11-10","51","25"
"USW00094728","NY CITY CENTRAL PARK, NY US","2017-11-11","38","24"
"USW00094728","NY CITY CENTRAL PARK, NY US","2017-11-12","46","32"
"USW00094728","NY CITY CENTRAL PARK, NY US","2017-11-13","47","39"
"USW00094728","NY CITY CENTRAL PARK, NY US","2017-11-14","48","35"
"USW00094728","NY CITY CENTRAL PARK, NY US","2017-11-15","51","37"
"USW00094728","NY CITY CENTRAL PARK, NY US","2017-11-16","57","43"
"USW00094728","NY CITY CENTRAL PARK, NY US","2017-11-17","47","37"
"USW00094728","NY CITY CENTRAL PARK, NY US","2017-11-18","56","34"
"USW00094728","NY CITY CENTRAL PARK, NY US","2017-11-19","59","38"
"USW00094728","NY CITY CENTRAL PARK, NY US","2017-11-20","47","36"
"USW00094728","NY CITY CENTRAL PARK, NY US","2017-11-21","58","42"
"USW00094728","NY CITY CENTRAL PARK, NY US","2017-11-22","56","35"
"USW00094728","NY CITY CENTRAL PARK, NY US","2017-11-23","43","31"
"USW00094728","NY CITY CENTRAL PARK, NY US","2017-11-24","50","35"
"USW00094728","NY CITY CENTRAL PARK, NY US","2017-11-25","57","43"
"USW00094728","NY CITY CENTRAL PARK, NY US","2017-11-26","51","40"
"USW00094728","NY CITY CENTRAL PARK, NY US","2017-11-27","51","39"
"USW00094728","NY CITY CENTRAL PARK, NY US","2017-11-28","54","36"
"USW00094728","NY CITY CENTRAL PARK, NY US","2017-11-29","63","42"
"USW00094728","NY CITY CENTRAL PARK, NY US","2017-11-30","53","38"
"USW00094728","NY CITY CENTRAL PARK, NY US","2017-12-01","52","42"
"USW00094728","NY CITY CENTRAL PARK, NY US","2017-12-02","48","39"
"USW00094728","NY CITY CENTRAL PARK, NY US","2017-12-03","48","42"
"USW00094728","NY CITY CENTRAL PARK, NY US","2017-12-04","51","40"
"USW00094728","NY CITY CENTRAL PARK, NY US","2017-12-05","61","50"
"USW00094728","NY CITY CENTRAL PARK, NY US","2017-12-06","59","40"
"USW00094728","NY CITY CENTRAL PARK, NY US","2017-12-07","44","37"
"USW00094728","NY CITY CENTRAL PARK, NY US","2017-12-08","39","34"
"USW00094728","NY CITY CENTRAL PARK, NY US","2017-12-09","35","30"
"USW00094728","NY CITY CENTRAL PARK, NY US","2017-12-10","39","29"
"USW00094728","NY CITY CENTRAL PARK, NY US","2017-12-11","41","33"
"USW00094728","NY CITY CENTRAL PARK, NY US","2017-12-12","50","29"
"USW00094728","NY CITY CENTRAL PARK, NY US","2017-12-13","31","20"
"USW00094728","NY CITY CENTRAL PARK, NY US","2017-12-14","32","22"
"USW00094728","NY CITY CENTRAL PARK, NY US","2017-12-15","28","20"
"USW00094728","NY CITY CENTRAL PARK, NY US","2017-12-16","39","23"
"USW00094728","NY CITY CENTRAL PARK, NY US","2017-12-17","38","32"
"USW00094728","NY CITY CENTRAL PARK, NY US","2017-12-18","47","34"
"USW00094728","NY CITY CENTRAL PARK, NY US","2017-12-19","55","45"
"USW00094728","NY CITY CENTRAL PARK, NY US","2017-12-20","51","34"
"USW00094728","NY CITY CENTRAL PARK, NY US","2017-12-21","39","32"
"USW00094728","NY CITY CENTRAL PARK, NY US","2017-12-22","50","35"
"USW00094728","NY CITY CENTRAL PARK, NY US","2017-12-23","48","38"
"USW00094728","NY CITY CENTRAL PARK, NY US","2017-12-24","41","36"
"USW00094728","NY CITY CENTRAL PARK, NY US","2017-12-25","38","28"
"USW00094728","NY CITY CENTRAL PARK, NY US","2017-12-26","28","23"
"USW00094728","NY CITY CENTRAL PARK, NY US","2017-12-27","24","17"
"USW00094728","NY CITY CENTRAL PARK, NY US","2017-12-28","18","11"
"USW00094728","NY CITY CENTRAL PARK, NY US","2017-12-29","22","11"
"USW00094728","NY CITY CENTRAL PARK, NY US","2017-12-30","23","17"
"USW00094728","NY CITY CENTRAL PARK, NY US","2017-12-31","21","9"
"USW00094728","NY CITY CENTRAL PARK, NY US","2018-01-01","19","7"
"USW00094728","NY CITY CENTRAL PARK, NY US","2018-01-02","26","13"
"USW00094728","NY CITY CENTRAL PARK, NY US","2018-01-03","30","16"
"USW00094728","NY CITY CENTRAL PARK, NY US","2018-01-04","29","19"
"USW00094728","NY CITY CENTRAL PARK, NY US","2018-01-05","19","9"
"USW00094728","NY CITY CENTRAL PARK, NY US","2018-01-06","13","6"
"USW00094728","NY CITY CENTRAL PARK, NY US","2018-01-07","18","5"
"USW00094728","NY CITY CENTRAL PARK, NY US","2018-01-08","31","17"
"USW00094728","NY CITY CENTRAL PARK, NY US","2018-01-09","44","30"
"USW00094728","NY CITY CENTRAL PARK, NY US","2018-01-10","43","30"
"USW00094728","NY CITY CENTRAL PARK, NY US","2018-01-11","53","41"
"USW00094728","NY CITY CENTRAL PARK, NY US","2018-01-12","61","44"
"USW00094728","NY CITY CENTRAL PARK, NY US","2018-01-13","58","19"
"USW00094728","NY CITY CENTRAL PARK, NY US","2018-01-14","25","15"
"USW00094728","NY CITY CENTRAL PARK, NY US","2018-01-15","30","16"
"USW00094728","NY CITY CENTRAL PARK, NY US","2018-01-16","36","25"
"USW00094728","NY CITY CENTRAL PARK, NY US","2018-01-17","36","22"
"USW00094728","NY CITY CENTRAL PARK, NY US","2018-01-18","32","18"
"USW00094728","NY CITY CENTRAL PARK, NY US","2018-01-19","41","24"
"USW00094728","NY CITY CENTRAL PARK, NY US","2018-01-20","52","38"
"USW00094728","NY CITY CENTRAL PARK, NY US","2018-01-21","50","42"
"USW00094728","NY CITY CENTRAL PARK, NY US","2018-01-22","49","38"
"USW00094728","NY CITY CENTRAL PARK, NY US","2018-01-23","60","38"
"USW00094728","NY CITY CENTRAL PARK, NY US","2018-01-24","44","27"
"USW00094728","NY CITY CENTRAL PARK, NY US","2018-01-25","34","23"
"USW00094728","NY CITY CENTRAL PARK, NY US","2018-01-26","38","26"
"USW00094728","NY CITY CENTRAL PARK, NY US","2018-01-27","56","35"
"USW00094728","NY CITY CENTRAL PARK, NY US","2018-01-28","55","46"
"USW00094728","NY CITY CENTRAL PARK, NY US","2018-01-29","47","35"
"USW00094728","NY CITY CENTRAL PARK, NY US","2018-01-30","36","24"
"USW00094728","NY CITY CENTRAL PARK, NY US","2018-01-31","33","18"
"USW00094728","NY CITY CENTRAL PARK, NY US","2018-02-01","45","32"
"USW00094728","NY CITY CENTRAL PARK, NY US","2018-02-02","41","17"
"USW00094728","NY CITY CENTRAL PARK, NY US","2018-02-03","31","16"
"USW00094728","NY CITY CENTRAL PARK, NY US","2018-02-04","46","30"
"USW00094728","NY CITY CENTRAL PARK, NY US","2018-02-05","40","26"
"USW00094728","NY CITY CENTRAL PARK, NY US","2018-02-06","37","26"
"USW00094728","NY CITY CENTRAL PARK, NY US","2018-02-07","45","30"
"USW00094728","NY CITY CENTRAL PARK, NY US","2018-02-08","33","25"
"USW00094728","NY CITY CENTRAL PARK, NY US","2018-02-09","39","26"
"USW00094728","NY CITY CENTRAL PARK, NY US","2018-02-10","50","39"
"USW00094728","NY CITY CENTRAL PARK, NY US","2018-02-11","62","45"
"USW00094728","NY CITY CENTRAL PARK, NY US","2018-02-12","62","32"
"USW00094728","NY CITY CENTRAL PARK, NY US","2018-02-13","38","26"
"USW00094728","NY CITY CENTRAL PARK, NY US","2018-02-14","53","35"
"USW00094728","NY CITY CENTRAL PARK, NY US","2018-02-15","62","46"
"USW00094728","NY CITY CENTRAL PARK, NY US","2018-02-16","58","36"
"USW00094728","NY CITY CENTRAL PARK, NY US","2018-02-17","40","28"
"USW00094728","NY CITY CENTRAL PARK, NY US","2018-02-18","44","33"
"USW00094728","NY CITY CENTRAL PARK, NY US","2018-02-19","49","36"
"USW00094728","NY CITY CENTRAL PARK, NY US","2018-02-20","67","47"
"USW00094728","NY CITY CENTRAL PARK, NY US","2018-02-21","78","55"
"USW00094728","NY CITY CENTRAL PARK, NY US","2018-02-22","59","37"
"USW00094728","NY CITY CENTRAL PARK, NY US","2018-02-23","42","36"
"USW00094728","NY CITY CENTRAL PARK, NY US","2018-02-24","55","42"
"USW00094728","NY CITY CENTRAL PARK, NY US","2018-02-25","44","40"
"USW00094728","NY CITY CENTRAL PARK, NY US","2018-02-26","52","43"
"USW00094728","NY CITY CENTRAL PARK, NY US","2018-02-27","56","39"
"USW00094728","NY CITY CENTRAL PARK, NY US","2018-02-28","61","42"
"USW00094728","NY CITY CENTRAL PARK, NY US","2018-03-01","60","44"
"USW00094728","NY CITY CENTRAL PARK, NY US","2018-03-02","44","34"
"USW00094728","NY CITY CENTRAL PARK, NY US","2018-03-03","49","36"
"USW00094728","NY CITY CENTRAL PARK, NY US","2018-03-04","44","34"
"USW00094728","NY CITY CENTRAL PARK, NY US","2018-03-05","43","33"
"USW00094728","NY CITY CENTRAL PARK, NY US","2018-03-06","47","32"
"USW00094728","NY CITY CENTRAL PARK, NY US","2018-03-07","39","33"
"USW00094728","NY CITY CENTRAL PARK, NY US","2018-03-08","39","33"
"USW00094728","NY CITY CENTRAL PARK, NY US","2018-03-09","42","30"
"USW00094728","NY CITY CENTRAL PARK, NY US","2018-03-10","40","31"
"USW00094728","NY CITY CENTRAL PARK, NY US","2018-03-11","45","32"
"USW00094728","NY CITY CENTRAL PARK, NY US","2018-03-12","43","32"
"USW00094728","NY CITY CENTRAL PARK, NY US","2018-03-13","40","33"
"USW00094728","NY CITY CENTRAL PARK, NY US","2018-03-14","41","31"
"USW00094728","NY CITY CENTRAL PARK, NY US","2018-03-15","48","32"
"USW00094728","NY CITY CENTRAL PARK, NY US","2018-03-16","40","30"
"USW00094728","NY CITY CENTRAL PARK, NY US","2018-03-17","48","27"
"USW00094728","NY CITY CENTRAL PARK, NY US","2018-03-18","43","28"
"USW00094728","NY CITY CENTRAL PARK, NY US","2018-03-19","47","33"
"USW00094728","NY CITY CENTRAL PARK, NY US","2018-03-20","39","30"
"USW00094728","NY CITY CENTRAL PARK, NY US","2018-03-21","39","31"
"USW00094728","NY CITY CENTRAL PARK, NY US","2018-03-22","50","32"
"USW00094728","NY CITY CENTRAL PARK, NY US","2018-03-23","49","35"
"USW00094728","NY CITY CENTRAL PARK, NY US","2018-03-24","51","35"
"USW00094728","NY CITY CENTRAL PARK, NY US","2018-03-25","45","33"
"USW00094728","NY CITY CENTRAL PARK, NY US","2018-03-26","50","34"
"USW00094728","NY CITY CENTRAL PARK, NY US","2018-03-27","47","34"
"USW00094728","NY CITY CENTRAL PARK, NY US","2018-03-28","52","38"
"USW00094728","NY CITY CENTRAL PARK, NY US","2018-03-29","53","49"
"USW00094728","NY CITY CENTRAL PARK, NY US","2018-03-30","62","44"
"USW00094728","NY CITY CENTRAL PARK, NY US","2018-03-31","58","39"
"USW00094728","NY CITY CENTRAL PARK, NY US","2018-04-01","60","43"
"USW00094728","NY CITY CENTRAL PARK, NY US","2018-04-02","43","33"
"USW00094728","NY CITY CENTRAL PARK, NY US","2018-04-03","43","39"
"USW00094728","NY CITY CENTRAL PARK, NY US","2018-04-04","56","40"
"USW00094728","NY CITY CENTRAL PARK, NY US","2018-04-05","45","34"
"USW00094728","NY CITY CENTRAL PARK, NY US","2018-04-06","62","37"
"USW00094728","NY CITY CENTRAL PARK, NY US","2018-04-07","49","37"
"USW00094728","NY CITY CENTRAL PARK, NY US","2018-04-08","46","32"
"USW00094728","NY CITY CENTRAL PARK, NY US","2018-04-09","49","32"
"USW00094728","NY CITY CENTRAL PARK, NY US","2018-04-10","51","38"
"USW00094728","NY CITY CENTRAL PARK, NY US","2018-04-11","51","37"
"USW00094728","NY CITY CENTRAL PARK, NY US","2018-04-12","63","46"
"USW00094728","NY CITY CENTRAL PARK, NY US","2018-04-13","82","60"
"USW00094728","NY CITY CENTRAL PARK, NY US","2018-04-14","77","44"
"USW00094728","NY CITY CENTRAL PARK, NY US","2018-04-15","44","38"
"USW00094728","NY CITY CENTRAL PARK, NY US","2018-04-16","60","39"
"USW00094728","NY CITY CENTRAL PARK, NY US","2018-04-17","47","39"
"USW00094728","NY CITY CENTRAL PARK, NY US","2018-04-18","55","37"
"USW00094728","NY CITY CENTRAL PARK, NY US","2018-04-19","49","38"
"USW00094728","NY CITY CENTRAL PARK, NY US","2018-04-20","50","37"
"USW00094728","NY CITY CENTRAL PARK, NY US","2018-04-21","63","39"
"USW00094728","NY CITY CENTRAL PARK, NY US","2018-04-22","67","44"
"USW00094728","NY CITY CENTRAL PARK, NY US","2018-04-23","68","46"
"USW00094728","NY CITY CENTRAL PARK, NY US","2018-04-24","66","46"
"USW00094728","NY CITY CENTRAL PARK, NY US","2018-04-25","60","52"
"USW00094728","NY CITY CENTRAL PARK, NY US","2018-04-26","70","55"
"USW00094728","NY CITY CENTRAL PARK, NY US","2018-04-27","59","51"
"USW00094728","NY CITY CENTRAL PARK, NY US","2018-04-28","68","50"
"USW00094728","NY CITY CENTRAL PARK, NY US","2018-04-29","59","47"
"USW00094728","NY CITY CENTRAL PARK, NY US","2018-04-30","51","44"
"USW00094728","NY CITY CENTRAL PARK, NY US","2018-05-01","80","48"
"USW00094728","NY CITY CENTRAL PARK, NY US","2018-05-02","90","65"
"USW00094728","NY CITY CENTRAL PARK, NY US","2018-05-03","92","70"
"USW00094728","NY CITY CENTRAL PARK, NY US","2018-05-04","84","72"
"USW00094728","NY CITY CENTRAL PARK, NY US","2018-05-05","76","61"
"USW00094728","NY CITY CENTRAL PARK, NY US","2018-05-06","66","56"
"USW00094728","NY CITY CENTRAL PARK, NY US","2018-05-07","77","54"
"USW00094728","NY CITY CENTRAL PARK, NY US","2018-05-08","74","53"
"USW00094728","NY CITY CENTRAL PARK, NY US","2018-05-09","77","54"
"USW00094728","NY CITY CENTRAL PARK, NY US","2018-05-10","66","54"
"USW00094728","NY CITY CENTRAL PARK, NY US","2018-05-11","73","60"
"USW00094728","NY CITY CENTRAL PARK, NY US","2018-05-12","63","51"
"USW00094728","NY CITY CENTRAL PARK, NY US","2018-05-13","54","52"
"USW00094728","NY CITY CENTRAL PARK, NY US","2018-05-14","71","52"
"USW00094728","NY CITY CENTRAL PARK, NY US","2018-05-15","88","61"
"USW00094728","NY CITY CENTRAL PARK, NY US","2018-05-16","64","56"
"USW00094728","NY CITY CENTRAL PARK, NY US","2018-05-17","71","56"
"USW00094728","NY CITY CENTRAL PARK, NY US","2018-05-18","67","56"
"USW00094728","NY CITY CENTRAL PARK, NY US","2018-05-19","56","49"
"USW00094728","NY CITY CENTRAL PARK, NY US","2018-05-20","81","56"
"USW00094728","NY CITY CENTRAL PARK, NY US","2018-05-21","79","58"
"USW00094728","NY CITY CENTRAL PARK, NY US","2018-05-22","68","55"
"USW00094728","NY CITY CENTRAL PARK, NY US","2018-05-23","81","59"
"USW00094728","NY CITY CENTRAL PARK, NY US","2018-05-24","83","63"
"USW00094728","NY CITY CENTRAL PARK, NY US","2018-05-25","86","65"
"USW00094728","NY CITY CENTRAL PARK, NY US","2018-05-26","89","72"
"USW00094728","NY CITY CENTRAL PARK, NY US","2018-05-27","80","56"
"USW00094728","NY CITY CENTRAL PARK, NY US","2018-05-28","69","56"
"USW00094728","NY CITY CENTRAL PARK, NY US","2018-05-29","89","63"
"USW00094728","NY CITY CENTRAL PARK, NY US","2018-05-30","78","61"
"USW00094728","NY CITY CENTRAL PARK, NY US","2018-05-31","68","63"
"USW00094728","NY CITY CENTRAL PARK, NY US","2018-06-01","81","65"
"USW00094728","NY CITY CENTRAL PARK, NY US","2018-06-02","87","66"
"USW00094728","NY CITY CENTRAL PARK, NY US","2018-06-03","66","51"
"USW00094728","NY CITY CENTRAL PARK, NY US","2018-06-04","71","51"
"USW00094728","NY CITY CENTRAL PARK, NY US","2018-06-05","75","58"
"USW00094728","NY CITY CENTRAL PARK, NY US","2018-06-06","71","58"
"USW00094728","NY CITY CENTRAL PARK, NY US","2018-06-07","71","60"
"USW00094728","NY CITY CENTRAL PARK, NY US","2018-06-08","82","60"
"USW00094728","NY CITY CENTRAL PARK, NY US","2018-06-09","83","67"
"USW00094728","NY CITY CENTRAL PARK, NY US","2018-06-10","73","58"
"USW00094728","NY CITY CENTRAL PARK, NY US","2018-06-11","73","58"
"USW00094728","NY CITY CENTRAL PARK, NY US","2018-06-12","75","57"
"USW00094728","NY CITY CENTRAL PARK, NY US","2018-06-13","78","63"
"USW00094728","NY CITY CENTRAL PARK, NY US","2018-06-14","84","67"
"USW00094728","NY CITY CENTRAL PARK, NY US","2018-06-15","76","63"
"USW00094728","NY CITY CENTRAL PARK, NY US","2018-06-16","85","64"
"USW00094728","NY CITY CENTRAL PARK, NY US","2018-06-17","91","66"
"USW00094728","NY CITY CENTRAL PARK, NY US","2018-06-18","91","73"
"USW00094728","NY CITY CENTRAL PARK, NY US","2018-06-19","88","75"
"USW00094728","NY CITY CENTRAL PARK, NY US","2018-06-20","83","69"
"USW00094728","NY CITY CENTRAL PARK, NY US","2018-06-21","83","65"
"USW00094728","NY CITY CENTRAL PARK, NY US","2018-06-22","75","62"
"USW00094728","NY CITY CENTRAL PARK, NY US","2018-06-23","66","62"
"USW00094728","NY CITY CENTRAL PARK, NY US","2018-06-24","84","66"
"USW00094728","NY CITY CENTRAL PARK, NY US","2018-06-25","81","67"
"USW00094728","NY CITY CENTRAL PARK, NY US","2018-06-26","78","61"
"USW00094728","NY CITY CENTRAL PARK, NY US","2018-06-27","73","66"
"USW00094728","NY CITY CENTRAL PARK, NY US","2018-06-28","83","70"
"USW00094728","NY CITY CENTRAL PARK, NY US","2018-06-29","89","70"
"USW00094728","NY CITY CENTRAL PARK, NY US","2018-06-30","93","72"
"USW00094728","NY CITY CENTRAL PARK, NY US","2018-07-01","96","79"
"USW00094728","NY CITY CENTRAL PARK, NY US","2018-07-02","95","79"
"USW00094728","NY CITY CENTRAL PARK, NY US","2018-07-03","92","77"
"USW00094728","NY CITY CENTRAL PARK, NY US","2018-07-04","86","77"
"USW00094728","NY CITY CENTRAL PARK, NY US","2018-07-05","90","76"
"USW00094728","NY CITY CENTRAL PARK, NY US","2018-07-06","80","69"
"USW00094728","NY CITY CENTRAL PARK, NY US","2018-07-07","78","62"
"USW00094728","NY CITY CENTRAL PARK, NY US","2018-07-08","84","62"
"USW00094728","NY CITY CENTRAL PARK, NY US","2018-07-09","87","67"
"USW00094728","NY CITY CENTRAL PARK, NY US","2018-07-10","93","72"
"USW00094728","NY CITY CENTRAL PARK, NY US","2018-07-11","88","74"
"USW00094728","NY CITY CENTRAL PARK, NY US","2018-07-12","84","64"
"USW00094728","NY CITY CENTRAL PARK, NY US","2018-07-13","84","68"
"USW00094728","NY CITY CENTRAL PARK, NY US","2018-07-14","88","70"
"USW00094728","NY CITY CENTRAL PARK, NY US","2018-07-15","83","69"
"USW00094728","NY CITY CENTRAL PARK, NY US","2018-07-16","90","75"
"USW00094728","NY CITY CENTRAL PARK, NY US","2018-07-17","88","70"
"USW00094728","NY CITY CENTRAL PARK, NY US","2018-07-18","85","66"
"USW00094728","NY CITY CENTRAL PARK, NY US","2018-07-19","83","66"
"USW00094728","NY CITY CENTRAL PARK, NY US","2018-07-20","82","69"
"USW00094728","NY CITY CENTRAL PARK, NY US","2018-07-21","79","65"
"USW00094728","NY CITY CENTRAL PARK, NY US","2018-07-22","79","70"
"USW00094728","NY CITY CENTRAL PARK, NY US","2018-07-23","80","73"
"USW00094728","NY CITY CENTRAL PARK, NY US","2018-07-24","82","75"
"USW00094728","NY CITY CENTRAL PARK, NY US","2018-07-25","77","72"
"USW00094728","NY CITY CENTRAL PARK, NY US","2018-07-26","85","72"
"USW00094728","NY CITY CENTRAL PARK, NY US","2018-07-27","86","68"
"USW00094728","NY CITY CENTRAL PARK, NY US","2018-07-28","85","70"
"USW00094728","NY CITY CENTRAL PARK, NY US","2018-07-29","82","70"
"USW00094728","NY CITY CENTRAL PARK, NY US","2018-07-30","78","68"
"USW00094728","NY CITY CENTRAL PARK, NY US","2018-07-31","82","68"
"USW00094728","NY CITY CENTRAL PARK, NY US","2018-08-01","84","74"
"USW00094728","NY CITY CENTRAL PARK, NY US","2018-08-02","86","76"
"USW00094728","NY CITY CENTRAL PARK, NY US","2018-08-03","85","73"
"USW00094728","NY CITY CENTRAL PARK, NY US","2018-08-04","84","72"
"USW00094728","NY CITY CENTRAL PARK, NY US","2018-08-05","91","73"
"USW00094728","NY CITY CENTRAL PARK, NY US","2018-08-06","92","77"
"USW00094728","NY CITY CENTRAL PARK, NY US","2018-08-07","90","74"
"USW00094728","NY CITY CENTRAL PARK, NY US","2018-08-08","90","76"
"USW00094728","NY CITY CENTRAL PARK, NY US","2018-08-09","86","73"
"USW00094728","NY CITY CENTRAL PARK, NY US","2018-08-10","86","72"
"USW00094728","NY CITY CENTRAL PARK, NY US","2018-08-11","80","70"
"USW00094728","NY CITY CENTRAL PARK, NY US","2018-08-12","84","72"
"USW00094728","NY CITY CENTRAL PARK, NY US","2018-08-13","75","71"
"USW00094728","NY CITY CENTRAL PARK, NY US","2018-08-14","82","71"
"USW00094728","NY CITY CENTRAL PARK, NY US","2018-08-15","86","70"
"USW00094728","NY CITY CENTRAL PARK, NY US","2018-08-16","88","76"
"USW00094728","NY CITY CENTRAL PARK, NY US","2018-08-17","87","72"
"USW00094728","NY CITY CENTRAL PARK, NY US","2018-08-18","85","71"
"USW00094728","NY CITY CENTRAL PARK, NY US","2018-08-19","72","67"
"USW00094728","NY CITY CENTRAL PARK, NY US","2018-08-20","74","67"
"USW00094728","NY CITY CENTRAL PARK, NY US","2018-08-21","79","66"
"USW00094728","NY CITY CENTRAL PARK, NY US","2018-08-22","82","71"
"USW00094728","NY CITY CENTRAL PARK, NY US","2018-08-23","77","65"
"USW00094728","NY CITY CENTRAL PARK, NY US","2018-08-24","82","65"
"USW00094728","NY CITY CENTRAL PARK, NY US","2018-08-25","80","68"
"USW00094728","NY CITY CENTRAL PARK, NY US","2018-08-26","83","69"
"USW00094728","NY CITY CENTRAL PARK, NY US","2018-08-27","88","74"
"USW00094728","NY CITY CENTRAL PARK, NY US","2018-08-28","94","79"
"USW00094728","NY CITY CENTRAL PARK, NY US","2018-08-29","92","81"
"USW00094728","NY CITY CENTRAL PARK, NY US","2018-08-30","90","78"
"USW00094728","NY CITY CENTRAL PARK, NY US","2018-08-31","78","69"
"USW00094728","NY CITY CENTRAL PARK, NY US","2018-09-01","78","69"
"USW00094728","NY CITY CENTRAL PARK, NY US","2018-09-02","81","68"
"USW00094728","NY CITY CENTRAL PARK, NY US","2018-09-03","90","75"
"USW00094728","NY CITY CENTRAL PARK, NY US","2018-09-04","92","77"
"USW00094728","NY CITY CENTRAL PARK, NY US","2018-09-05","89","77"
"USW00094728","NY CITY CENTRAL PARK, NY US","2018-09-06","93","73"
"USW00094728","NY CITY CENTRAL PARK, NY US","2018-09-07","75","69"
"USW00094728","NY CITY CENTRAL PARK, NY US","2018-09-08","71","61"
"USW00094728","NY CITY CENTRAL PARK, NY US","2018-09-09","62","55"
"USW00094728","NY CITY CENTRAL PARK, NY US","2018-09-10","64","54"
"USW00094728","NY CITY CENTRAL PARK, NY US","2018-09-11","74","62"
"USW00094728","NY CITY CENTRAL PARK, NY US","2018-09-12","77","71"
"USW00094728","NY CITY CENTRAL PARK, NY US","2018-09-13","76","69"
"USW00094728","NY CITY CENTRAL PARK, NY US","2018-09-14","75","68"
"USW00094728","NY CITY CENTRAL PARK, NY US","2018-09-15","80","67"
"USW00094728","NY CITY CENTRAL PARK, NY US","2018-09-16","84","67"
"USW00094728","NY CITY CENTRAL PARK, NY US","2018-09-17","79","68"
"USW00094728","NY CITY CENTRAL PARK, NY US","2018-09-18","79","70"
"USW00094728","NY CITY CENTRAL PARK, NY US","2018-09-19","81","68"
"USW00094728","NY CITY CENTRAL PARK, NY US","2018-09-20","72","65"
"USW00094728","NY CITY CENTRAL PARK, NY US","2018-09-21","72","67"
"USW00094728","NY CITY CENTRAL PARK, NY US","2018-09-22","74","62"
"USW00094728","NY CITY CENTRAL PARK, NY US","2018-09-23","66","60"
"USW00094728","NY CITY CENTRAL PARK, NY US","2018-09-24","69","57"
"USW00094728","NY CITY CENTRAL PARK, NY US","2018-09-25","73","59"
"USW00094728","NY CITY CENTRAL PARK, NY US","2018-09-26","82","69"
"USW00094728","NY CITY CENTRAL PARK, NY US","2018-09-27","72","61"
"USW00094728","NY CITY CENTRAL PARK, NY US","2018-09-28","65","56"
"USW00094728","NY CITY CENTRAL PARK, NY US","2018-09-29","72","58"
"USW00094728","NY CITY CENTRAL PARK, NY US","2018-09-30","70","54"
"USW00094728","NY CITY CENTRAL PARK, NY US","2018-10-01","76","63"
"USW00094728","NY CITY CENTRAL PARK, NY US","2018-10-02","77","65"
"USW00094728","NY CITY CENTRAL PARK, NY US","2018-10-03","74","63"
"USW00094728","NY CITY CENTRAL PARK, NY US","2018-10-04","76","61"
"USW00094728","NY CITY CENTRAL PARK, NY US","2018-10-05","71","60"
"USW00094728","NY CITY CENTRAL PARK, NY US","2018-10-06","68","63"
"USW00094728","NY CITY CENTRAL PARK, NY US","2018-10-07","79","67"
"USW00094728","NY CITY CENTRAL PARK, NY US","2018-10-08","74","64"
"USW00094728","NY CITY CENTRAL PARK, NY US","2018-10-09","77","66"
"USW00094728","NY CITY CENTRAL PARK, NY US","2018-10-10","80","71"
"USW00094728","NY CITY CENTRAL PARK, NY US","2018-10-11","77","69"
"USW00094728","NY CITY CENTRAL PARK, NY US","2018-10-12","68","51"
"USW00094728","NY CITY CENTRAL PARK, NY US","2018-10-13","55","46"
"USW00094728","NY CITY CENTRAL PARK, NY US","2018-10-14","58","47"
"USW00094728","NY CITY CENTRAL PARK, NY US","2018-10-15","68","52"
"USW00094728","NY CITY CENTRAL PARK, NY US","2018-10-16","60","47"
"USW00094728","NY CITY CENTRAL PARK, NY US","2018-10-17","61","46"
"USW00094728","NY CITY CENTRAL PARK, NY US","2018-10-18","50","42"
"USW00094728","NY CITY CENTRAL PARK, NY US","2018-10-19","60","43"
"USW00094728","NY CITY CENTRAL PARK, NY US","2018-10-20","62","51"
"USW00094728","NY CITY CENTRAL PARK, NY US","2018-10-21","51","39"
"USW00094728","NY CITY CENTRAL PARK, NY US","2018-10-22","50","39"
"USW00094728","NY CITY CENTRAL PARK, NY US","2018-10-23","63","49"
"USW00094728","NY CITY CENTRAL PARK, NY US","2018-10-24","54","44"
"USW00094728","NY CITY CENTRAL PARK, NY US","2018-10-25","51","40"
"USW00094728","NY CITY CENTRAL PARK, NY US","2018-10-26","50","38"
"USW00094728","NY CITY CENTRAL PARK, NY US","2018-10-27","51","44"
"USW00094728","NY CITY CENTRAL PARK, NY US","2018-10-28","52","45"
"USW00094728","NY CITY CENTRAL PARK, NY US","2018-10-29","56","47"
"USW00094728","NY CITY CENTRAL PARK, NY US","2018-10-30","55","42"
"USW00094728","NY CITY CENTRAL PARK, NY US","2018-10-31","64","44"
"USW00094728","NY CITY CENTRAL PARK, NY US","2018-11-01","70","57"
"USW00094728","NY CITY CENTRAL PARK, NY US","2018-11-02","72","64"
"USW00094728","NY CITY CENTRAL PARK, NY US","2018-11-03","65","48"
"USW00094728","NY CITY CENTRAL PARK, NY US","2018-11-04","55","43"
"USW00094728","NY CITY CENTRAL PARK, NY US","2018-11-05","53","48"
"USW00094728","NY CITY CENTRAL PARK, NY US","2018-11-06","59","49"
"USW00094728","NY CITY CENTRAL PARK, NY US","2018-11-07","62","51"
"USW00094728","NY CITY CENTRAL PARK, NY US","2018-11-08","56","45"
"USW00094728","NY CITY CENTRAL PARK, NY US","2018-11-09","52","40"
"USW00094728","NY CITY CENTRAL PARK, NY US","2018-11-10","50","34"
"USW00094728","NY CITY CENTRAL PARK, NY US","2018-11-11","46","33"
"USW00094728","NY CITY CENTRAL PARK, NY US","2018-11-12","49","37"
"USW00094728","NY CITY CENTRAL PARK, NY US","2018-11-13","50","43"
"USW00094728","NY CITY CENTRAL PARK, NY US","2018-11-14","43","32"
"USW00094728","NY CITY CENTRAL PARK, NY US","2018-11-15","40","28"
"USW00094728","NY CITY CENTRAL PARK, NY US","2018-11-16","45","34"
"USW00094728","NY CITY CENTRAL PARK, NY US","2018-11-17","47","37"
"USW00094728","NY CITY CENTRAL PARK, NY US","2018-11-18","44","39"
"USW00094728","NY CITY CENTRAL PARK, NY US","2018-11-19","50","41"
"USW00094728","NY CITY CENTRAL PARK, NY US","2018-11-20","47","39"
"USW00094728","NY CITY CENTRAL PARK, NY US","2018-11-21","44","27"
"USW00094728","NY CITY CENTRAL PARK, NY US","2018-11-22","28","17"
"USW00094728","NY CITY CENTRAL PARK, NY US","2018-11-23","32","15"
"USW00094728","NY CITY CENTRAL PARK, NY US","2018-11-24","49","31"
"USW00094728","NY CITY CENTRAL PARK, NY US","2018-11-25","55","45"
"USW00094728","NY CITY CENTRAL PARK, NY US","2018-11-26","53","45"
"USW00094728","NY CITY CENTRAL PARK, NY US","2018-11-27","45","37"
"USW00094728","NY CITY CENTRAL PARK, NY US","2018-11-28","42","36"
"USW00094728","NY CITY CENTRAL PARK, NY US","2018-11-29","46","38"
"USW00094728","NY CITY CENTRAL PARK, NY US","2018-11-30","43","38"
"USW00094728","NY CITY CENTRAL PARK, NY US","2018-12-01","46","36"
"USW00094728","NY CITY CENTRAL PARK, NY US","2018-12-02","56","42"
"USW00094728","NY CITY CENTRAL PARK, NY US","2018-12-03","55","46"
"USW00094728","NY CITY CENTRAL PARK, NY US","2018-12-04","46","31"
"USW00094728","NY CITY CENTRAL PARK, NY US","2018-12-05","37","28"
"USW00094728","NY CITY CENTRAL PARK, NY US","2018-12-06","40","30"
"USW00094728","NY CITY CENTRAL PARK, NY US","2018-12-07","39","28"
"USW00094728","NY CITY CENTRAL PARK, NY US","2018-12-08","36","24"
"USW00094728","NY CITY CENTRAL PARK, NY US","2018-12-09","36","28"
"USW00094728","NY CITY CENTRAL PARK, NY US","2018-12-10","39","29"
"USW00094728","NY CITY CENTRAL PARK, NY US","2018-12-11","41","29"
"USW00094728","NY CITY CENTRAL PARK, NY US","2018-12-12","41","33"
"USW00094728","NY CITY CENTRAL PARK, NY US","2018-12-13","40","33"
"USW00094728","NY CITY CENTRAL PARK, NY US","2018-12-14","51","40"
"USW00094728","NY CITY CENTRAL PARK, NY US","2018-12-15","52","46"
"USW00094728","NY CITY CENTRAL PARK, NY US","2018-12-16","46","35"
"USW00094728","NY CITY CENTRAL PARK, NY US","2018-12-17","46","37"
"USW00094728","NY CITY CENTRAL PARK, NY US","2018-12-18","40","28"
"USW00094728","NY CITY CENTRAL PARK, NY US","2018-12-19","42","26"
"USW00094728","NY CITY CENTRAL PARK, NY US","2018-12-20","47","37"
"USW00094728","NY CITY CENTRAL PARK, NY US","2018-12-21","61","47"
"USW00094728","NY CITY CENTRAL PARK, NY US","2018-12-22","54","40"
"USW00094728","NY CITY CENTRAL PARK, NY US","2018-12-23","43","36"
"USW00094728","NY CITY CENTRAL PARK, NY US","2018-12-24","43","36"
"USW00094728","NY CITY CENTRAL PARK, NY US","2018-12-25","40","33"
"USW00094728","NY CITY CENTRAL PARK, NY US","2018-12-26","43","32"
"USW00094728","NY CITY CENTRAL PARK, NY US","2018-12-27","44","37"
"USW00094728","NY CITY CENTRAL PARK, NY US","2018-12-28","60","43"
"USW00094728","NY CITY CENTRAL PARK, NY US","2018-12-29","57","39"
"USW00094728","NY CITY CENTRAL PARK, NY US","2018-12-30","40","33"
"USW00094728","NY CITY CENTRAL PARK, NY US","2018-12-31","48","36"
"USW00094728","NY CITY CENTRAL PARK, NY US","2019-01-01","58","39"
"USW00094728","NY CITY CENTRAL PARK, NY US","2019-01-02","40","35"
"USW00094728","NY CITY CENTRAL PARK, NY US","2019-01-03","44","37"
"USW00094728","NY CITY CENTRAL PARK, NY US","2019-01-04","47","35"
"USW00094728","NY CITY CENTRAL PARK, NY US","2019-01-05","47","41"
"USW00094728","NY CITY CENTRAL PARK, NY US","2019-01-06","49","31"
"USW00094728","NY CITY CENTRAL PARK, NY US","2019-01-07","34","25"
"USW00094728","NY CITY CENTRAL PARK, NY US","2019-01-08","45","34"
"USW00094728","NY CITY CENTRAL PARK, NY US","2019-01-09","45","34"
"USW00094728","NY CITY CENTRAL PARK, NY US","2019-01-10","34","28"
"USW00094728","NY CITY CENTRAL PARK, NY US","2019-01-11","30","21"
"USW00094728","NY CITY CENTRAL PARK, NY US","2019-01-12","34","20"
"USW00094728","NY CITY CENTRAL PARK, NY US","2019-01-13","33","25"
"USW00094728","NY CITY CENTRAL PARK, NY US","2019-01-14","32","22"
"USW00094728","NY CITY CENTRAL PARK, NY US","2019-01-15","36","25"
"USW00094728","NY CITY CENTRAL PARK, NY US","2019-01-16","39","30"
"USW00094728","NY CITY CENTRAL PARK, NY US","2019-01-17","33","24"
"USW00094728","NY CITY CENTRAL PARK, NY US","2019-01-18","39","29"
"USW00094728","NY CITY CENTRAL PARK, NY US","2019-01-19","37","32"
"USW00094728","NY CITY CENTRAL PARK, NY US","2019-01-20","42","14"
"USW00094728","NY CITY CENTRAL PARK, NY US","2019-01-21","14","4"
"USW00094728","NY CITY CENTRAL PARK, NY US","2019-01-22","31","13"
"USW00094728","NY CITY CENTRAL PARK, NY US","2019-01-23","52","31"
"USW00094728","NY CITY CENTRAL PARK, NY US","2019-01-24","59","35"
"USW00094728","NY CITY CENTRAL PARK, NY US","2019-01-25","40","28"
"USW00094728","NY CITY CENTRAL PARK, NY US","2019-01-26","35","24"
"USW00094728","NY CITY CENTRAL PARK, NY US","2019-01-27","49","32"
"USW00094728","NY CITY CENTRAL PARK, NY US","2019-01-28","38","25"
"USW00094728","NY CITY CENTRAL PARK, NY US","2019-01-29","43","25"
"USW00094728","NY CITY CENTRAL PARK, NY US","2019-01-30","35","6"
"USW00094728","NY CITY CENTRAL PARK, NY US","2019-01-31","16","2"
"USW00094728","NY CITY CENTRAL PARK, NY US","2019-02-01","21","11"
"USW00094728","NY CITY CENTRAL PARK, NY US","2019-02-02","34","16"
"USW00094728","NY CITY CENTRAL PARK, NY US","2019-02-03","53","33"
"USW00094728","NY CITY CENTRAL PARK, NY US","2019-02-04","61","41"
"USW00094728","NY CITY CENTRAL PARK, NY US","2019-02-05","65","44"
"USW00094728","NY CITY CENTRAL PARK, NY US","2019-02-06","46","35"
"USW00094728","NY CITY CENTRAL PARK, NY US","2019-02-07","44","39"
"USW00094728","NY CITY CENTRAL PARK, NY US","2019-02-08","55","32"
"USW00094728","NY CITY CENTRAL PARK, NY US","2019-02-09","32","23"
"USW00094728","NY CITY CENTRAL PARK, NY US","2019-02-10","35","23"
"USW00094728","NY CITY CENTRAL PARK, NY US","2019-02-11","38","30"
"USW00094728","NY CITY CENTRAL PARK, NY US","2019-02-12","36","26"
"USW00094728","NY CITY CENTRAL PARK, NY US","2019-02-13","41","33"
"USW00094728","NY CITY CENTRAL PARK, NY US","2019-02-14","46","33"
"USW00094728","NY CITY CENTRAL PARK, NY US","2019-02-15","59","42"
"USW00094728","NY CITY CENTRAL PARK, NY US","2019-02-16","47","32"
"USW00094728","NY CITY CENTRAL PARK, NY US","2019-02-17","38","26"
"USW00094728","NY CITY CENTRAL PARK, NY US","2019-02-18","42","26"
"USW00094728","NY CITY CENTRAL PARK, NY US","2019-02-19","36","23"
"USW00094728","NY CITY CENTRAL PARK, NY US","2019-02-20","33","26"
"USW00094728","NY CITY CENTRAL PARK, NY US","2019-02-21","52","33"
"USW00094728","NY CITY CENTRAL PARK, NY US","2019-02-22","44","36"
"USW00094728","NY CITY CENTRAL PARK, NY US","2019-02-23","42","32"
"USW00094728","NY CITY CENTRAL PARK, NY US","2019-02-24","47","36"
"USW00094728","NY CITY CENTRAL PARK, NY US","2019-02-25","43","28"
"USW00094728","NY CITY CENTRAL PARK, NY US","2019-02-26","36","25"
"USW00094728","NY CITY CENTRAL PARK, NY US","2019-02-27","31","23"
"USW00094728","NY CITY CENTRAL PARK, NY US","2019-02-28","37","27"
"USW00094728","NY CITY CENTRAL PARK, NY US","2019-03-01","35","26"
"USW00094728","NY CITY CENTRAL PARK, NY US","2019-03-02","41","31"
"USW00094728","NY CITY CENTRAL PARK, NY US","2019-03-03","42","33"
"USW00094728","NY CITY CENTRAL PARK, NY US","2019-03-04","38","28"
"USW00094728","NY CITY CENTRAL PARK, NY US","2019-03-05","32","20"
"USW00094728","NY CITY CENTRAL PARK, NY US","2019-03-06","26","19"
"USW00094728","NY CITY CENTRAL PARK, NY US","2019-03-07","32","18"
"USW00094728","NY CITY CENTRAL PARK, NY US","2019-03-08","39","24"
"USW00094728","NY CITY CENTRAL PARK, NY US","2019-03-09","49","34"
"USW00094728","NY CITY CENTRAL PARK, NY US","2019-03-10","43","35"
"USW00094728","NY CITY CENTRAL PARK, NY US","2019-03-11","53","39"
"USW00094728","NY CITY CENTRAL PARK, NY US","2019-03-12","44","34"
"USW00094728","NY CITY CENTRAL PARK, NY US","2019-03-13","49","32"
"USW00094728","NY CITY CENTRAL PARK, NY US","2019-03-14","57","42"
"USW00094728","NY CITY CENTRAL PARK, NY US","2019-03-15","75","49"
"USW00094728","NY CITY CENTRAL PARK, NY US","2019-03-16","58","37"
"USW00094728","NY CITY CENTRAL PARK, NY US","2019-03-17","45","34"
"USW00094728","NY CITY CENTRAL PARK, NY US","2019-03-18","46","32"
"USW00094728","NY CITY CENTRAL PARK, NY US","2019-03-19","51","35"
"USW00094728","NY CITY CENTRAL PARK, NY US","2019-03-20","53","37"
"USW00094728","NY CITY CENTRAL PARK, NY US","2019-03-21","46","41"
"USW00094728","NY CITY CENTRAL PARK, NY US","2019-03-22","49","38"
"USW00094728","NY CITY CENTRAL PARK, NY US","2019-03-23","48","35"
"USW00094728","NY CITY CENTRAL PARK, NY US","2019-03-24","60","38"
"USW00094728","NY CITY CENTRAL PARK, NY US","2019-03-25","56","42"
"USW00094728","NY CITY CENTRAL PARK, NY US","2019-03-26","49","33"
"USW00094728","NY CITY CENTRAL PARK, NY US","2019-03-27","47","34"
"USW00094728","NY CITY CENTRAL PARK, NY US","2019-03-28","53","37"
"USW00094728","NY CITY CENTRAL PARK, NY US","2019-03-29","59","49"
"USW00094728","NY CITY CENTRAL PARK, NY US","2019-03-30","70","52"
"USW00094728","NY CITY CENTRAL PARK, NY US","2019-03-31","65","39"
"USW00094728","NY CITY CENTRAL PARK, NY US","2019-04-01","46","33"
"USW00094728","NY CITY CENTRAL PARK, NY US","2019-04-02","52","39"
"USW00094728","NY CITY CENTRAL PARK, NY US","2019-04-03","67","41"
"USW00094728","NY CITY CENTRAL PARK, NY US","2019-04-04","60","44"
"USW00094728","NY CITY CENTRAL PARK, NY US","2019-04-05","45","38"
"USW00094728","NY CITY CENTRAL PARK, NY US","2019-04-06","68","39"
"USW00094728","NY CITY CENTRAL PARK, NY US","2019-04-07","66","51"
"USW00094728","NY CITY CENTRAL PARK, NY US","2019-04-08","79","49"
"USW00094728","NY CITY CENTRAL PARK, NY US","2019-04-09","51","46"
"USW00094728","NY CITY CENTRAL PARK, NY US","2019-04-10","60","45"
"USW00094728","NY CITY CENTRAL PARK, NY US","2019-04-11","55","40"
"USW00094728","NY CITY CENTRAL PARK, NY US","2019-04-12","68","46"
"USW00094728","NY CITY CENTRAL PARK, NY US","2019-04-13","77","59"
"USW00094728","NY CITY CENTRAL PARK, NY US","2019-04-14","73","60"
"USW00094728","NY CITY CENTRAL PARK, NY US","2019-04-15","65","46"
"USW00094728","NY CITY CENTRAL PARK, NY US","2019-04-16","66","44"
"USW00094728","NY CITY CENTRAL PARK, NY US","2019-04-17","63","48"
"USW00094728","NY CITY CENTRAL PARK, NY US","2019-04-18","62","51"
"USW00094728","NY CITY CENTRAL PARK, NY US","2019-04-19","80","58"
"USW00094728","NY CITY CENTRAL PARK, NY US","2019-04-20","64","55"
"USW00094728","NY CITY CENTRAL PARK, NY US","2019-04-21","66","53"
"USW00094728","NY CITY CENTRAL PARK, NY US","2019-04-22","64","52"
"USW00094728","NY CITY CENTRAL PARK, NY US","2019-04-23","77","56"
"USW00094728","NY CITY CENTRAL PARK, NY US","2019-04-24","69","55"
"USW00094728","NY CITY CENTRAL PARK, NY US","2019-04-25","66","48"
"USW00094728","NY CITY CENTRAL PARK, NY US","2019-04-26","59","51"
"USW00094728","NY CITY CENTRAL PARK, NY US","2019-04-27","58","47"
"USW00094728","NY CITY CENTRAL PARK, NY US","2019-04-28","53","45"
"USW00094728","NY CITY CENTRAL PARK, NY US","2019-04-29","60","41"
"USW00094728","NY CITY CENTRAL PARK, NY US","2019-04-30","60","48"
"USW00094728","NY CITY CENTRAL PARK, NY US","2019-05-01","56","50"
"USW00094728","NY CITY CENTRAL PARK, NY US","2019-05-02","78","50"
"USW00094728","NY CITY CENTRAL PARK, NY US","2019-05-03","56","50"
"USW00094728","NY CITY CENTRAL PARK, NY US","2019-05-04","71","53"
"USW00094728","NY CITY CENTRAL PARK, NY US","2019-05-05","58","51"
"USW00094728","NY CITY CENTRAL PARK, NY US","2019-05-06","74","51"
"USW00094728","NY CITY CENTRAL PARK, NY US","2019-05-07","70","52"
"USW00094728","NY CITY CENTRAL PARK, NY US","2019-05-08","71","55"
"USW00094728","NY CITY CENTRAL PARK, NY US","2019-05-09","61","53"
"USW00094728","NY CITY CENTRAL PARK, NY US","2019-05-10","73","56"
"USW00094728","NY CITY CENTRAL PARK, NY US","2019-05-11","69","56"
"USW00094728","NY CITY CENTRAL PARK, NY US","2019-05-12","59","43"
"USW00094728","NY CITY CENTRAL PARK, NY US","2019-05-13","48","42"
"USW00094728","NY CITY CENTRAL PARK, NY US","2019-05-14","52","44"
"USW00094728","NY CITY CENTRAL PARK, NY US","2019-05-15","69","44"
"USW00094728","NY CITY CENTRAL PARK, NY US","2019-05-16","73","52"
"USW00094728","NY CITY CENTRAL PARK, NY US","2019-05-17","76","60"
"USW00094728","NY CITY CENTRAL PARK, NY US","2019-05-18","75","56"
"USW00094728","NY CITY CENTRAL PARK, NY US","2019-05-19","76","60"
"USW00094728","NY CITY CENTRAL PARK, NY US","2019-05-20","85","66"
"USW00094728","NY CITY CENTRAL PARK, NY US","2019-05-21","71","56"
"USW00094728","NY CITY CENTRAL PARK, NY US","2019-05-22","74","54"
"USW00094728","NY CITY CENTRAL PARK, NY US","2019-05-23","72","55"
"USW00094728","NY CITY CENTRAL PARK, NY US","2019-05-24","73","61"
"USW00094728","NY CITY CENTRAL PARK, NY US","2019-05-25","71","55"
"USW00094728","NY CITY CENTRAL PARK, NY US","2019-05-26","86","59"
"USW00094728","NY CITY CENTRAL PARK, NY US","2019-05-27","80","64"
"USW00094728","NY CITY CENTRAL PARK, NY US","2019-05-28","71","62"
"USW00094728","NY CITY CENTRAL PARK, NY US","2019-05-29","70","56"
"USW00094728","NY CITY CENTRAL PARK, NY US","2019-05-30","70","57"
"USW00094728","NY CITY CENTRAL PARK, NY US","2019-05-31","80","63"
"USW00094728","NY CITY CENTRAL PARK, NY US","2019-06-01","80","63"
"USW00094728","NY CITY CENTRAL PARK, NY US","2019-06-02","81","61"
"USW00094728","NY CITY CENTRAL PARK, NY US","2019-06-03","70","58"
"USW00094728","NY CITY CENTRAL PARK, NY US","2019-06-04","70","54"
"USW00094728","NY CITY CENTRAL PARK, NY US","2019-06-05","81","64"
"USW00094728","NY CITY CENTRAL PARK, NY US","2019-06-06","83","68"
"USW00094728","NY CITY CENTRAL PARK, NY US","2019-06-07","81","66"
"USW00094728","NY CITY CENTRAL PARK, NY US","2019-06-08","81","63"
"USW00094728","NY CITY CENTRAL PARK, NY US","2019-06-09","78","60"
"USW00094728","NY CITY CENTRAL PARK, NY US","2019-06-10","70","60"
"USW00094728","NY CITY CENTRAL PARK, NY US","2019-06-11","77","63"
"USW00094728","NY CITY CENTRAL PARK, NY US","2019-06-12","74","59"
"USW00094728","NY CITY CENTRAL PARK, NY US","2019-06-13","65","55"
"USW00094728","NY CITY CENTRAL PARK, NY US","2019-06-14","73","58"
"USW00094728","NY CITY CENTRAL PARK, NY US","2019-06-15","81","60"
"USW00094728","NY CITY CENTRAL PARK, NY US","2019-06-16","80","65"
"USW00094728","NY CITY CENTRAL PARK, NY US","2019-06-17","76","69"
"USW00094728","NY CITY CENTRAL PARK, NY US","2019-06-18","73","67"
"USW00094728","NY CITY CENTRAL PARK, NY US","2019-06-19","71","66"
"USW00094728","NY CITY CENTRAL PARK, NY US","2019-06-20","78","65"
"USW00094728","NY CITY CENTRAL PARK, NY US","2019-06-21","77","65"
"USW00094728","NY CITY CENTRAL PARK, NY US","2019-06-22","79","61"
"USW00094728","NY CITY CENTRAL PARK, NY US","2019-06-23","83","64"
"USW00094728","NY CITY CENTRAL PARK, NY US","2019-06-24","84","67"
"USW00094728","NY CITY CENTRAL PARK, NY US","2019-06-25","84","72"
"USW00094728","NY CITY CENTRAL PARK, NY US","2019-06-26","87","72"
"USW00094728","NY CITY CENTRAL PARK, NY US","2019-06-27","89","71"
"USW00094728","NY CITY CENTRAL PARK, NY US","2019-06-28","89","73"
"USW00094728","NY CITY CENTRAL PARK, NY US","2019-06-29","91","72"
"USW00094728","NY CITY CENTRAL PARK, NY US","2019-06-30","83","69"
"USW00094728","NY CITY CENTRAL PARK, NY US","2019-07-01","85","65"
"USW00094728","NY CITY CENTRAL PARK, NY US","2019-07-02","85","71"
"USW00094728","NY CITY CENTRAL PARK, NY US","2019-07-03","87","75"
"USW00094728","NY CITY CENTRAL PARK, NY US","2019-07-04","90","74"
"USW00094728","NY CITY CENTRAL PARK, NY US","2019-07-05","86","72"
"USW00094728","NY CITY CENTRAL PARK, NY US","2019-07-06","90","76"
"USW00094728","NY CITY CENTRAL PARK, NY US","2019-07-07","86","72"
"USW00094728","NY CITY CENTRAL PARK, NY US","2019-07-08","78","68"
"USW00094728","NY CITY CENTRAL PARK, NY US","2019-07-09","87","69"
"USW00094728","NY CITY CENTRAL PARK, NY US","2019-07-10","88","74"
"USW00094728","NY CITY CENTRAL PARK, NY US","2019-07-11","87","73"
"USW00094728","NY CITY CENTRAL PARK, NY US","2019-07-12","87","72"
"USW00094728","NY CITY CENTRAL PARK, NY US","2019-07-13","85","70"
"USW00094728","NY CITY CENTRAL PARK, NY US","2019-07-14","89","76"
"USW00094728","NY CITY CENTRAL PARK, NY US","2019-07-15","85","68"
"USW00094728","NY CITY CENTRAL PARK, NY US","2019-07-16","91","72"
"USW00094728","NY CITY CENTRAL PARK, NY US","2019-07-17","93","73"
"USW00094728","NY CITY CENTRAL PARK, NY US","2019-07-18","79","71"
"USW00094728","NY CITY CENTRAL PARK, NY US","2019-07-19","91","71"
"USW00094728","NY CITY CENTRAL PARK, NY US","2019-07-20","95","82"
"USW00094728","NY CITY CENTRAL PARK, NY US","2019-07-21","95","80"
"USW00094728","NY CITY CENTRAL PARK, NY US","2019-07-22","90","72"
"USW00094728","NY CITY CENTRAL PARK, NY US","2019-07-23","74","67"
"USW00094728","NY CITY CENTRAL PARK, NY US","2019-07-24","83","67"
"USW00094728","NY CITY CENTRAL PARK, NY US","2019-07-25","84","70"
"USW00094728","NY CITY CENTRAL PARK, NY US","2019-07-26","88","69"
"USW00094728","NY CITY CENTRAL PARK, NY US","2019-07-27","85","72"
"USW00094728","NY CITY CENTRAL PARK, NY US","2019-07-28","88","71"
"USW00094728","NY CITY CENTRAL PARK, NY US","2019-07-29","90","73"
"USW00094728","NY CITY CENTRAL PARK, NY US","2019-07-30","92","78"
"USW00094728","NY CITY CENTRAL PARK, NY US","2019-07-31","87","70"
"USW00094728","NY CITY CENTRAL PARK, NY US","2019-08-01","87","70"
"USW00094728","NY CITY CENTRAL PARK, NY US","2019-08-02","84","73"
"USW00094728","NY CITY CENTRAL PARK, NY US","2019-08-03","86","68"
"USW00094728","NY CITY CENTRAL PARK, NY US","2019-08-04","87","69"
"USW00094728","NY CITY CENTRAL PARK, NY US","2019-08-05","82","70"
"USW00094728","NY CITY CENTRAL PARK, NY US","2019-08-06","79","71"
"USW00094728","NY CITY CENTRAL PARK, NY US","2019-08-07","84","69"
"USW00094728","NY CITY CENTRAL PARK, NY US","2019-08-08","84","67"
"USW00094728","NY CITY CENTRAL PARK, NY US","2019-08-09","83","68"
"USW00094728","NY CITY CENTRAL PARK, NY US","2019-08-10","81","66"
"USW00094728","NY CITY CENTRAL PARK, NY US","2019-08-11","80","63"
"USW00094728","NY CITY CENTRAL PARK, NY US","2019-08-12","85","68"
"USW00094728","NY CITY CENTRAL PARK, NY US","2019-08-13","79","71"
"USW00094728","NY CITY CENTRAL PARK, NY US","2019-08-14","84","73"
"USW00094728","NY CITY CENTRAL PARK, NY US","2019-08-15","85","70"
"USW00094728","NY CITY CENTRAL PARK, NY US","2019-08-16","79","68"
"USW00094728","NY CITY CENTRAL PARK, NY US","2019-08-17","87","73"
"USW00094728","NY CITY CENTRAL PARK, NY US","2019-08-18","90","70"
"USW00094728","NY CITY CENTRAL PARK, NY US","2019-08-19","90","72"
"USW00094728","NY CITY CENTRAL PARK, NY US","2019-08-20","88","75"
"USW00094728","NY CITY CENTRAL PARK, NY US","2019-08-21","87","74"
"USW00094728","NY CITY CENTRAL PARK, NY US","2019-08-22","90","71"
"USW00094728","NY CITY CENTRAL PARK, NY US","2019-08-23","74","65"
"USW00094728","NY CITY CENTRAL PARK, NY US","2019-08-24","76","64"
"USW00094728","NY CITY CENTRAL PARK, NY US","2019-08-25","77","63"
"USW00094728","NY CITY CENTRAL PARK, NY US","2019-08-26","74","61"
"USW00094728","NY CITY CENTRAL PARK, NY US","2019-08-27","75","62"
"USW00094728","NY CITY CENTRAL PARK, NY US","2019-08-28","74","67"
"USW00094728","NY CITY CENTRAL PARK, NY US","2019-08-29","81","65"
"USW00094728","NY CITY CENTRAL PARK, NY US","2019-08-30","86","67"
"USW00094728","NY CITY CENTRAL PARK, NY US","2019-08-31","81","69"
"USW00094728","NY CITY CENTRAL PARK, NY US","2019-09-01","78","63"
"USW00094728","NY CITY CENTRAL PARK, NY US","2019-09-02","74","69"
"USW00094728","NY CITY CENTRAL PARK, NY US","2019-09-03","82","67"
"USW00094728","NY CITY CENTRAL PARK, NY US","2019-09-04","87","68"
"USW00094728","NY CITY CENTRAL PARK, NY US","2019-09-05","74","65"
"USW00094728","NY CITY CENTRAL PARK, NY US","2019-09-06","67","58"
"USW00094728","NY CITY CENTRAL PARK, NY US","2019-09-07","75","56"
"USW00094728","NY CITY CENTRAL PARK, NY US","2019-09-08","77","63"
"USW00094728","NY CITY CENTRAL PARK, NY US","2019-09-09","78","64"
"USW00094728","NY CITY CENTRAL PARK, NY US","2019-09-10","76","66"
"USW00094728","NY CITY CENTRAL PARK, NY US","2019-09-11","88","69"
"USW00094728","NY CITY CENTRAL PARK, NY US","2019-09-12","81","61"
"USW00094728","NY CITY CENTRAL PARK, NY US","2019-09-13","72","57"
"USW00094728","NY CITY CENTRAL PARK, NY US","2019-09-14","74","61"
"USW00094728","NY CITY CENTRAL PARK, NY US","2019-09-15","82","68"
"USW00094728","NY CITY CENTRAL PARK, NY US","2019-09-16","77","68"
"USW00094728","NY CITY CENTRAL PARK, NY US","2019-09-17","76","62"
"USW00094728","NY CITY CENTRAL PARK, NY US","2019-09-18","69","57"
"USW00094728","NY CITY CENTRAL PARK, NY US","2019-09-19","70","52"
"USW00094728","NY CITY CENTRAL PARK, NY US","2019-09-20","78","56"
"USW00094728","NY CITY CENTRAL PARK, NY US","2019-09-21","84","61"
"USW00094728","NY CITY CENTRAL PARK, NY US","2019-09-22","86","67"
"USW00094728","NY CITY CENTRAL PARK, NY US","2019-09-23","89","70"
"USW00094728","NY CITY CENTRAL PARK, NY US","2019-09-24","76","63"
"USW00094728","NY CITY CENTRAL PARK, NY US","2019-09-25","79","58"
"USW00094728","NY CITY CENTRAL PARK, NY US","2019-09-26","83","63"
"USW00094728","NY CITY CENTRAL PARK, NY US","2019-09-27","76","59"
"USW00094728","NY CITY CENTRAL PARK, NY US","2019-09-28","82","65"
"USW00094728","NY CITY CENTRAL PARK, NY US","2019-09-29","80","65"
"USW00094728","NY CITY CENTRAL PARK, NY US","2019-09-30","71","60"
"USW00094728","NY CITY CENTRAL PARK, NY US","2019-10-01","81","63"
"USW00094728","NY CITY CENTRAL PARK, NY US","2019-10-02","93","63"
"USW00094728","NY CITY CENTRAL PARK, NY US","2019-10-03","63","53"
"USW00094728","NY CITY CENTRAL PARK, NY US","2019-10-04","66","50"
"USW00094728","NY CITY CENTRAL PARK, NY US","2019-10-05","61","45"
"USW00094728","NY CITY CENTRAL PARK, NY US","2019-10-06","70","57"
"USW00094728","NY CITY CENTRAL PARK, NY US","2019-10-07","79","59"
"USW00094728","NY CITY CENTRAL PARK, NY US","2019-10-08","64","57"
"USW00094728","NY CITY CENTRAL PARK, NY US","2019-10-09","59","51"
"USW00094728","NY CITY CENTRAL PARK, NY US","2019-10-10","71","53"
"USW00094728","NY CITY CENTRAL PARK, NY US","2019-10-11","64","55"
"USW00094728","NY CITY CENTRAL PARK, NY US","2019-10-12","67","55"
"USW00094728","NY CITY CENTRAL PARK, NY US","2019-10-13","67","53"
"USW00094728","NY CITY CENTRAL PARK, NY US","2019-10-14","72","58"
"USW00094728","NY CITY CENTRAL PARK, NY US","2019-10-15","64","51"
"USW00094728","NY CITY CENTRAL PARK, NY US","2019-10-16","66","52"
"USW00094728","NY CITY CENTRAL PARK, NY US","2019-10-17","57","51"
"USW00094728","NY CITY CENTRAL PARK, NY US","2019-10-18","58","47"
"USW00094728","NY CITY CENTRAL PARK, NY US","2019-10-19","60","43"
"USW00094728","NY CITY CENTRAL PARK, NY US","2019-10-20","59","49"
"USW00094728","NY CITY CENTRAL PARK, NY US","2019-10-21","67","51"
"USW00094728","NY CITY CENTRAL PARK, NY US","2019-10-22","63","55"
"USW00094728","NY CITY CENTRAL PARK, NY US","2019-10-23","65","54"
"USW00094728","NY CITY CENTRAL PARK, NY US","2019-10-24","67","50"
"USW00094728","NY CITY CENTRAL PARK, NY US","2019-10-25","65","52"
"USW00094728","NY CITY CENTRAL PARK, NY US","2019-10-26","63","52"
"USW00094728","NY CITY CENTRAL PARK, NY US","2019-10-27","67","55"
"USW00094728","NY CITY CENTRAL PARK, NY US","2019-10-28","63","55"
"USW00094728","NY CITY CENTRAL PARK, NY US","2019-10-29","59","54"
"USW00094728","NY CITY CENTRAL PARK, NY US","2019-10-30","63","58"
"USW00094728","NY CITY CENTRAL PARK, NY US","2019-10-31","71","60"
"USW00094728","NY CITY CENTRAL PARK, NY US","2019-11-01","71","42"
"USW00094728","NY CITY CENTRAL PARK, NY US","2019-11-02","53","40"
"USW00094728","NY CITY CENTRAL PARK, NY US","2019-11-03","54","42"
"USW00094728","NY CITY CENTRAL PARK, NY US","2019-11-04","56","41"
"USW00094728","NY CITY CENTRAL PARK, NY US","2019-11-05","61","51"
"USW00094728","NY CITY CENTRAL PARK, NY US","2019-11-06","54","45"
"USW00094728","NY CITY CENTRAL PARK, NY US","2019-11-07","57","41"
"USW00094728","NY CITY CENTRAL PARK, NY US","2019-11-08","41","29"
"USW00094728","NY CITY CENTRAL PARK, NY US","2019-11-09","41","27"
"USW00094728","NY CITY CENTRAL PARK, NY US","2019-11-10","51","38"
"USW00094728","NY CITY CENTRAL PARK, NY US","2019-11-11","62","46"
"USW00094728","NY CITY CENTRAL PARK, NY US","2019-11-12","57","25"
"USW00094728","NY CITY CENTRAL PARK, NY US","2019-11-13","34","23"
"USW00094728","NY CITY CENTRAL PARK, NY US","2019-11-14","45","28"
"USW00094728","NY CITY CENTRAL PARK, NY US","2019-11-15","51","37"
"USW00094728","NY CITY CENTRAL PARK, NY US","2019-11-16","42","31"
"USW00094728","NY CITY CENTRAL PARK, NY US","2019-11-17","43","30"
"USW00094728","NY CITY CENTRAL PARK, NY US","2019-11-18","42","37"
"USW00094728","NY CITY CENTRAL PARK, NY US","2019-11-19","48","40"
"USW00094728","NY CITY CENTRAL PARK, NY US","2019-11-20","49","40"
"USW00094728","NY CITY CENTRAL PARK, NY US","2019-11-21","53","39"
"USW00094728","NY CITY CENTRAL PARK, NY US","2019-11-22","53","38"
"USW00094728","NY CITY CENTRAL PARK, NY US","2019-11-23","45","34"
"USW00094728","NY CITY CENTRAL PARK, NY US","2019-11-24","46","40"
"USW00094728","NY CITY CENTRAL PARK, NY US","2019-11-25","53","39"
"USW00094728","NY CITY CENTRAL PARK, NY US","2019-11-26","61","44"
"USW00094728","NY CITY CENTRAL PARK, NY US","2019-11-27","59","49"
"USW00094728","NY CITY CENTRAL PARK, NY US","2019-11-28","53","37"
"USW00094728","NY CITY CENTRAL PARK, NY US","2019-11-29","40","30"
"USW00094728","NY CITY CENTRAL PARK, NY US","2019-11-30","43","31"
"USW00094728","NY CITY CENTRAL PARK, NY US","2019-12-01","39","30"
"USW00094728","NY CITY CENTRAL PARK, NY US","2019-12-02","37","31"
"USW00094728","NY CITY CENTRAL PARK, NY US","2019-12-03","36","30"
"USW00094728","NY CITY CENTRAL PARK, NY US","2019-12-04","39","32"
"USW00094728","NY CITY CENTRAL PARK, NY US","2019-12-05","42","36"
"USW00094728","NY CITY CENTRAL PARK, NY US","2019-12-06","50","34"
"USW00094728","NY CITY CENTRAL PARK, NY US","2019-12-07","38","30"
"USW00094728","NY CITY CENTRAL PARK, NY US","2019-12-08","46","28"
"USW00094728","NY CITY CENTRAL PARK, NY US","2019-12-09","55","42"
"USW00094728","NY CITY CENTRAL PARK, NY US","2019-12-10","58","39"
"USW00094728","NY CITY CENTRAL PARK, NY US","2019-12-11","40","31"
"USW00094728","NY CITY CENTRAL PARK, NY US","2019-12-12","36","26"
"USW00094728","NY CITY CENTRAL PARK, NY US","2019-12-13","48","33"
"USW00094728","NY CITY CENTRAL PARK, NY US","2019-12-14","56","45"
"USW00094728","NY CITY CENTRAL PARK, NY US","2019-12-15","49","37"
"USW00094728","NY CITY CENTRAL PARK, NY US","2019-12-16","37","33"
"USW00094728","NY CITY CENTRAL PARK, NY US","2019-12-17","35","32"
"USW00094728","NY CITY CENTRAL PARK, NY US","2019-12-18","36","21"
"USW00094728","NY CITY CENTRAL PARK, NY US","2019-12-19","25","16"
"USW00094728","NY CITY CENTRAL PARK, NY US","2019-12-20","33","22"
"USW00094728","NY CITY CENTRAL PARK, NY US","2019-12-21","35","23"
"USW00094728","NY CITY CENTRAL PARK, NY US","2019-12-22","46","30"
"USW00094728","NY CITY CENTRAL PARK, NY US","2019-12-23","57","41"
"USW00094728","NY CITY CENTRAL PARK, NY US","2019-12-24","47","36"
"USW00094728","NY CITY CENTRAL PARK, NY US","2019-12-25","47","32"
"USW00094728","NY CITY CENTRAL PARK, NY US","2019-12-26","46","36"
"USW00094728","NY CITY CENTRAL PARK, NY US","2019-12-27","54","46"
"USW00094728","NY CITY CENTRAL PARK, NY US","2019-12-28","51","43"
"USW00094728","NY CITY CENTRAL PARK, NY US","2019-12-29","44","39"
"USW00094728","NY CITY CENTRAL PARK, NY US","2019-12-30","41","37"
"USW00094728","NY CITY CENTRAL PARK, NY US","2019-12-31","45","36"
